code_module,code_presentation,id_student,gender,region,highest_education,imd_band,age_band,num_of_prev_attempts,studied_credits,disability,final_result,late_submissions_in_module,avg_score_in_module,sum_clicks_in_module,avg_clicks_per_session,num_active_days
EEE,2014J,47061,M,East Midlands Region,A Level or Equivalent,90-100%,0-35,0,30,N,Pass,2.0,56.4,347.0,17.35,20.0
EEE,2014J,60809,M,South East Region,Lower Than A Level,90-100%,0-35,0,120,N,Pass,0.0,69.8,2422.0,15.93,152.0
EEE,2014J,62034,M,West Midlands Region,Lower Than A Level,50-60%,0-35,0,60,N,Pass,0.0,47.6,1889.0,17.82,106.0
EEE,2014J,67539,M,Ireland,Lower Than A Level,10-20%,0-35,0,60,N,Pass,0.0,52.8,1438.0,15.63,92.0
EEE,2014J,67685,M,South Region,A Level or Equivalent,10-20%,0-35,0,180,N,Pass,0.0,64.8,2304.0,13.55,170.0
EEE,2014J,70827,M,East Midlands Region,HE Qualification,30-40%,0-35,0,210,N,Withdrawn,1.0,12.4,269.0,14.94,18.0
EEE,2014J,76579,F,Yorkshire Region,HE Qualification,10-20%,0-35,1,120,N,Pass,2.0,34.8,1458.0,20.25,72.0
EEE,2014J,80358,M,Scotland,Lower Than A Level,60-70%,0-35,0,120,N,Pass,2.0,37.4,1502.0,15.98,94.0
EEE,2014J,89545,M,South Region,HE Qualification,90-100%,0-35,0,30,N,Pass,0.0,67.2,595.0,18.59,32.0
EEE,2014J,108281,M,Scotland,HE Qualification,10-20%,35-55,0,30,N,Pass,0.0,72.4,3797.0,24.82,153.0
EEE,2014J,108497,M,South West Region,Lower Than A Level,0-10%,0-35,0,60,N,Pass,0.0,61.4,2208.0,16.6,133.0
EEE,2014J,110789,F,East Midlands Region,Lower Than A Level,80-90%,0-35,0,60,N,Pass,2.0,45.0,1084.0,30.11,36.0
EEE,2014J,121163,M,London Region,Lower Than A Level,10-20%,0-35,0,30,N,Withdrawn,0.0,18.0,449.0,14.03,32.0
EEE,2014J,124304,M,North Region,A Level or Equivalent,10-20%,0-35,0,60,N,Pass,0.0,72.0,1995.0,20.78,96.0
EEE,2014J,126450,M,North Western Region,A Level or Equivalent,20-30%,0-35,0,60,N,Pass,0.0,64.8,2566.0,22.71,113.0
EEE,2014J,128817,M,East Anglian Region,Lower Than A Level,90-100%,35-55,0,60,N,Withdrawn,0.0,13.2,735.0,23.71,31.0
EEE,2014J,131776,F,South East Region,A Level or Equivalent,50-60%,0-35,0,60,N,Pass,2.0,67.2,1065.0,13.48,79.0
EEE,2014J,134212,M,North Region,A Level or Equivalent,20-30%,0-35,0,60,N,Pass,0.0,67.0,2096.0,20.96,100.0
EEE,2014J,135763,M,East Midlands Region,A Level or Equivalent,90-100%,35-55,1,40,N,Pass,0.0,64.0,581.0,16.6,35.0
EEE,2014J,142092,M,North Western Region,HE Qualification,20-30%,35-55,0,120,N,Distinction,0.0,76.4,1556.0,24.7,63.0
EEE,2014J,158708,M,East Anglian Region,HE Qualification,80-90%,0-35,0,30,N,Pass,0.0,71.0,1680.0,20.74,81.0
EEE,2014J,159287,M,Scotland,HE Qualification,30-40%,0-35,0,90,N,Pass,0.0,66.4,2892.0,21.91,132.0
EEE,2014J,161781,M,Scotland,A Level or Equivalent,60-70%,0-35,0,90,N,Fail,0.0,35.0,545.0,15.57,35.0
EEE,2014J,162210,M,North Western Region,Lower Than A Level,70-80%,35-55,0,90,N,Distinction,1.0,73.6,2955.0,19.44,152.0
EEE,2014J,171843,M,East Midlands Region,Lower Than A Level,30-40%,0-35,0,90,N,Pass,0.0,59.2,1260.0,28.64,44.0
EEE,2014J,173341,M,Scotland,HE Qualification,50-60%,35-55,0,60,N,Fail,0.0,11.6,96.0,10.67,9.0
EEE,2014J,175940,M,London Region,A Level or Equivalent,40-50%,0-35,0,60,N,Pass,2.0,47.8,900.0,12.86,70.0
EEE,2014J,177472,F,East Anglian Region,Lower Than A Level,40-50%,0-35,0,30,N,Fail,0.0,19.4,549.0,30.5,18.0
EEE,2014J,189117,M,West Midlands Region,Lower Than A Level,70-80%,35-55,0,30,N,Distinction,0.0,69.0,1141.0,23.77,48.0
EEE,2014J,190780,M,Scotland,HE Qualification,60-70%,0-35,0,120,N,Pass,3.0,73.4,1962.0,19.43,101.0
EEE,2014J,195252,F,East Anglian Region,A Level or Equivalent,0-10%,0-35,0,50,N,Fail,1.0,29.8,437.0,25.71,17.0
EEE,2014J,195897,M,South East Region,Lower Than A Level,60-70%,0-35,0,60,N,Pass,0.0,55.8,1678.0,28.93,58.0
EEE,2014J,196132,M,West Midlands Region,Lower Than A Level,70-80%,35-55,0,60,N,Pass,0.0,64.4,2433.0,22.32,109.0
EEE,2014J,202606,M,Ireland,HE Qualification,90-100%,0-35,0,60,N,Pass,0.0,78.6,2728.0,17.05,160.0
EEE,2014J,231017,M,Scotland,A Level or Equivalent,90-100%,35-55,0,30,N,Pass,0.0,60.2,1520.0,21.71,70.0
EEE,2014J,232078,M,Yorkshire Region,HE Qualification,10-20%,35-55,0,30,N,Fail,1.0,11.2,112.0,22.4,5.0
EEE,2014J,233335,M,Yorkshire Region,A Level or Equivalent,0-10%,0-35,0,30,Y,Pass,3.0,60.8,1892.0,25.92,73.0
EEE,2014J,233685,M,South West Region,A Level or Equivalent,70-80%,0-35,0,60,N,Pass,0.0,63.2,4439.0,24.94,178.0
EEE,2014J,239908,M,South Region,A Level or Equivalent,70-80%,0-35,0,150,N,Pass,0.0,64.0,806.0,9.83,82.0
EEE,2014J,241728,M,West Midlands Region,A Level or Equivalent,20-30%,0-35,0,30,N,Distinction,0.0,78.4,8641.0,40.38,214.0
EEE,2014J,243926,M,East Midlands Region,A Level or Equivalent,40-50%,0-35,0,90,N,Fail,0.0,12.2,750.0,14.71,51.0
EEE,2014J,250159,F,South East Region,HE Qualification,60-70%,0-35,0,150,N,Pass,0.0,56.6,1167.0,17.95,65.0
EEE,2014J,253496,M,Wales,Lower Than A Level,0-10%,0-35,0,60,N,Pass,0.0,48.2,1867.0,37.34,50.0
EEE,2014J,269220,M,West Midlands Region,Lower Than A Level,70-80%,0-35,0,60,Y,Pass,0.0,68.6,1600.0,25.4,63.0
EEE,2014J,270988,M,South Region,HE Qualification,60-70%,0-35,0,60,N,Pass,1.0,66.0,1544.0,21.15,73.0
EEE,2014J,274967,M,Scotland,A Level or Equivalent,40-50%,35-55,0,30,N,Pass,0.0,60.6,1581.0,31.0,51.0
EEE,2014J,284095,F,South West Region,HE Qualification,90-100%,0-35,0,120,N,Distinction,1.0,67.8,1893.0,15.52,122.0
EEE,2014J,285934,M,North Region,Lower Than A Level,nan%,35-55,0,60,N,Pass,1.0,75.8,4020.0,33.22,121.0
EEE,2014J,286262,M,South Region,Lower Than A Level,90-100%,0-35,1,120,Y,Pass,1.0,59.6,490.0,11.95,41.0
EEE,2014J,286527,F,North Western Region,A Level or Equivalent,70-80%,0-35,1,90,N,Pass,1.0,47.6,388.0,13.38,29.0
EEE,2014J,296222,M,South East Region,A Level or Equivalent,80-90%,0-35,0,90,N,Distinction,0.0,76.4,1220.0,13.71,89.0
EEE,2014J,298148,M,London Region,HE Qualification,70-80%,0-35,0,80,N,Pass,0.0,70.8,741.0,17.23,43.0
EEE,2014J,299707,F,East Midlands Region,A Level or Equivalent,50-60%,0-35,0,150,Y,Pass,0.0,69.4,1337.0,19.96,67.0
EEE,2014J,307953,M,Scotland,Lower Than A Level,80-90%,35-55,0,30,N,Pass,0.0,70.8,1073.0,14.7,73.0
EEE,2014J,310968,M,South West Region,Lower Than A Level,20-30%,0-35,0,60,N,Pass,0.0,65.0,1598.0,20.49,78.0
EEE,2014J,318769,M,South East Region,Lower Than A Level,30-40%,0-35,0,60,N,Pass,0.0,68.8,2066.0,15.08,137.0
EEE,2014J,318855,M,South East Region,Lower Than A Level,80-90%,0-35,0,60,N,Fail,1.0,9.2,93.0,7.15,13.0
EEE,2014J,322641,M,East Anglian Region,Lower Than A Level,70-80%,0-35,0,60,N,Withdrawn,0.0,52.4,628.0,12.31,51.0
EEE,2014J,332945,M,South East Region,HE Qualification,50-60%,0-35,0,60,N,Pass,0.0,75.4,2711.0,19.93,136.0
EEE,2014J,333637,M,Scotland,A Level or Equivalent,90-100%,0-35,0,30,N,Pass,0.0,54.0,607.0,27.59,22.0
EEE,2014J,333976,M,West Midlands Region,A Level or Equivalent,0-10%,0-35,1,30,N,Fail,3.0,44.6,1154.0,13.42,86.0
EEE,2014J,336014,M,Scotland,HE Qualification,80-90%,0-35,0,120,N,Withdrawn,0.0,38.2,730.0,15.21,48.0
EEE,2014J,341010,M,Scotland,Lower Than A Level,30-40%,35-55,0,30,N,Fail,1.0,66.4,2824.0,30.7,92.0
EEE,2014J,344740,M,London Region,Lower Than A Level,60-70%,35-55,0,90,N,Distinction,0.0,71.2,6424.0,32.61,197.0
EEE,2014J,345256,M,Scotland,HE Qualification,70-80%,0-35,0,60,N,Pass,0.0,68.4,2158.0,18.44,117.0
EEE,2014J,345288,M,North Region,A Level or Equivalent,10-20%,0-35,0,60,N,Pass,0.0,67.0,2875.0,17.64,163.0
EEE,2014J,346093,M,Ireland,Post Graduate Qualification,nan%,0-35,0,30,N,Pass,0.0,71.4,3210.0,38.67,83.0
EEE,2014J,348288,M,East Anglian Region,A Level or Equivalent,70-80%,0-35,1,60,N,Pass,1.0,67.8,859.0,11.61,74.0
EEE,2014J,355049,M,London Region,A Level or Equivalent,50-60%,0-35,0,60,N,Pass,0.0,62.8,2766.0,21.28,130.0
EEE,2014J,355617,F,Scotland,HE Qualification,70-80%,0-35,0,30,N,Pass,0.0,63.2,1065.0,20.09,53.0
EEE,2014J,356735,M,Scotland,A Level or Equivalent,80-90%,0-35,0,30,Y,Pass,0.0,72.6,2799.0,19.44,144.0
EEE,2014J,360266,F,North Region,HE Qualification,80-90%,35-55,0,60,N,Distinction,0.0,76.8,4315.0,25.23,171.0
EEE,2014J,364322,M,Yorkshire Region,Lower Than A Level,30-40%,35-55,0,30,N,Pass,3.0,59.6,1004.0,18.94,53.0
EEE,2014J,369713,M,West Midlands Region,A Level or Equivalent,30-40%,0-35,0,60,N,Pass,0.0,71.6,1487.0,22.53,66.0
EEE,2014J,369942,M,South Region,HE Qualification,20-30%,35-55,0,60,N,Distinction,1.0,71.0,2258.0,21.5,105.0
EEE,2014J,372577,M,South Region,Lower Than A Level,20-30%,0-35,0,180,N,Withdrawn,2.0,25.0,612.0,10.55,58.0
EEE,2014J,378825,M,South West Region,A Level or Equivalent,20-30%,0-35,0,60,N,Pass,0.0,65.6,1783.0,18.38,97.0
EEE,2014J,381185,M,Scotland,HE Qualification,80-90%,35-55,0,120,N,Distinction,0.0,75.2,4316.0,26.16,165.0
EEE,2014J,381586,M,Yorkshire Region,A Level or Equivalent,50-60%,0-35,0,60,N,Pass,0.0,58.8,1188.0,21.6,55.0
EEE,2014J,381983,F,Wales,HE Qualification,20-30%,35-55,0,30,N,Fail,1.0,25.4,809.0,33.71,24.0
EEE,2014J,387944,M,South East Region,A Level or Equivalent,80-90%,35-55,0,60,N,Fail,1.0,30.4,1584.0,18.86,84.0
EEE,2014J,391301,M,East Anglian Region,Lower Than A Level,80-90%,0-35,1,30,N,Fail,1.0,47.8,265.0,13.25,20.0
EEE,2014J,396674,M,West Midlands Region,A Level or Equivalent,70-80%,0-35,0,60,N,Pass,2.0,75.6,1379.0,13.52,102.0
EEE,2014J,398019,M,Yorkshire Region,A Level or Equivalent,80-90%,35-55,1,30,N,Fail,0.0,49.4,1435.0,19.39,74.0
EEE,2014J,398413,M,Wales,A Level or Equivalent,40-50%,35-55,0,60,N,Pass,1.0,57.2,2639.0,25.38,104.0
EEE,2014J,401240,M,South Region,A Level or Equivalent,30-40%,0-35,0,60,N,Pass,0.0,73.4,2368.0,17.54,135.0
EEE,2014J,402295,M,East Midlands Region,Lower Than A Level,50-60%,0-35,0,60,N,Pass,1.0,55.4,2412.0,18.27,132.0
EEE,2014J,404200,M,London Region,A Level or Equivalent,20-30%,35-55,0,45,N,Pass,1.0,39.0,806.0,13.0,62.0
EEE,2014J,404695,F,Yorkshire Region,Lower Than A Level,20-30%,0-35,0,90,N,Pass,2.0,55.0,1324.0,11.72,113.0
EEE,2014J,405125,M,West Midlands Region,A Level or Equivalent,20-30%,0-35,0,90,N,Distinction,0.0,69.0,2082.0,21.24,98.0
EEE,2014J,407731,M,Scotland,Lower Than A Level,60-70%,0-35,0,60,N,Pass,0.0,54.6,1754.0,20.16,87.0
EEE,2014J,408763,M,North Western Region,A Level or Equivalent,30-40%,0-35,0,60,N,Pass,3.0,68.2,1599.0,18.81,85.0
EEE,2014J,410587,M,North Western Region,HE Qualification,10-20%,35-55,0,65,N,Pass,0.0,74.4,2023.0,17.0,119.0
EEE,2014J,410592,M,Scotland,HE Qualification,40-50%,0-35,0,120,N,Pass,0.0,70.6,3940.0,25.42,155.0
EEE,2014J,411619,M,Ireland,A Level or Equivalent,60-70%,0-35,0,30,N,Pass,0.0,75.6,3313.0,18.93,175.0
EEE,2014J,418035,M,London Region,Lower Than A Level,10-20%,35-55,0,30,Y,Pass,0.0,59.0,1347.0,17.72,76.0
EEE,2014J,418216,M,South Region,Lower Than A Level,10-20%,0-35,0,40,N,Distinction,0.0,74.6,1535.0,14.21,108.0
EEE,2014J,423947,M,Scotland,A Level or Equivalent,40-50%,0-35,1,60,N,Pass,0.0,73.8,2207.0,22.29,99.0
EEE,2014J,425053,F,Scotland,A Level or Equivalent,50-60%,0-35,0,60,Y,Fail,0.0,37.4,748.0,49.87,15.0
EEE,2014J,425858,M,London Region,Lower Than A Level,30-40%,0-35,0,60,Y,Fail,1.0,15.6,138.0,17.25,8.0
EEE,2014J,434347,M,Wales,A Level or Equivalent,60-70%,35-55,0,30,N,Distinction,0.0,68.0,2118.0,21.39,99.0
EEE,2014J,434503,M,South East Region,Lower Than A Level,0-10%,0-35,1,60,N,Withdrawn,0.0,18.0,553.0,15.8,35.0
EEE,2014J,436213,M,Ireland,HE Qualification,70-80%,35-55,0,60,N,Fail,0.0,32.8,598.0,19.93,30.0
EEE,2014J,441385,M,Scotland,Post Graduate Qualification,70-80%,35-55,0,90,N,Fail,1.0,50.0,1331.0,27.16,49.0
EEE,2014J,441895,M,London Region,A Level or Equivalent,30-40%,0-35,0,30,Y,Pass,0.0,64.6,1213.0,28.88,42.0
EEE,2014J,442359,M,West Midlands Region,Lower Than A Level,0-10%,0-35,0,60,N,Pass,0.0,70.8,1952.0,18.07,108.0
EEE,2014J,443200,M,Wales,HE Qualification,80-90%,35-55,0,60,N,Pass,0.0,73.8,3321.0,19.42,171.0
EEE,2014J,443498,M,South East Region,Lower Than A Level,10-20%,0-35,0,30,N,Distinction,0.0,74.4,1938.0,18.63,104.0
EEE,2014J,445049,M,North Western Region,A Level or Equivalent,30-40%,0-35,1,30,Y,Pass,3.0,29.6,1739.0,24.15,72.0
EEE,2014J,447659,M,East Anglian Region,Lower Than A Level,80-90%,0-35,1,120,N,Withdrawn,0.0,12.6,388.0,22.82,17.0
EEE,2014J,464780,M,East Anglian Region,A Level or Equivalent,50-60%,0-35,0,90,N,Pass,3.0,40.8,812.0,16.24,50.0
EEE,2014J,464957,M,London Region,A Level or Equivalent,20-30%,0-35,0,90,N,Fail,1.0,23.4,603.0,23.19,26.0
EEE,2014J,465406,M,North Western Region,A Level or Equivalent,60-70%,0-35,0,60,N,Pass,1.0,58.2,1587.0,35.27,45.0
EEE,2014J,466508,M,South Region,HE Qualification,90-100%,0-35,0,30,N,Pass,0.0,51.0,951.0,18.65,51.0
EEE,2014J,466892,M,Yorkshire Region,A Level or Equivalent,0-10%,0-35,0,60,N,Pass,0.0,75.4,10151.0,37.32,272.0
EEE,2014J,469424,M,South East Region,A Level or Equivalent,20-30%,0-35,0,90,N,Distinction,0.0,73.4,1645.0,18.08,91.0
EEE,2014J,470461,M,Scotland,Lower Than A Level,40-50%,0-35,0,60,N,Pass,0.0,51.0,1105.0,17.54,63.0
EEE,2014J,472762,M,West Midlands Region,A Level or Equivalent,60-70%,0-35,0,180,N,Distinction,0.0,77.4,1673.0,11.95,140.0
EEE,2014J,474290,M,Yorkshire Region,A Level or Equivalent,90-100%,0-35,0,120,N,Pass,0.0,68.0,508.0,12.39,41.0
EEE,2014J,476438,F,South West Region,A Level or Equivalent,20-30%,35-55,0,60,N,Pass,0.0,75.2,3243.0,30.03,108.0
EEE,2014J,476497,M,South Region,A Level or Equivalent,60-70%,0-35,0,60,N,Fail,0.0,35.4,612.0,15.3,40.0
EEE,2014J,479987,M,Scotland,HE Qualification,60-70%,0-35,1,60,N,Pass,2.0,61.8,783.0,30.12,26.0
EEE,2014J,480579,F,London Region,A Level or Equivalent,10-20%,0-35,0,60,N,Pass,1.0,60.8,1731.0,13.52,128.0
EEE,2014J,481787,M,West Midlands Region,A Level or Equivalent,60-70%,0-35,0,60,N,Pass,0.0,61.8,1120.0,11.43,98.0
EEE,2014J,481884,M,North Western Region,Lower Than A Level,60-70%,0-35,0,30,N,Fail,3.0,44.4,582.0,22.38,26.0
EEE,2014J,482030,M,East Anglian Region,Lower Than A Level,80-90%,0-35,0,60,N,Pass,2.0,69.0,1337.0,15.92,84.0
EEE,2014J,483131,M,Wales,A Level or Equivalent,20-30%,0-35,0,60,N,Pass,1.0,66.2,986.0,12.97,76.0
EEE,2014J,483858,F,Scotland,A Level or Equivalent,70-80%,0-35,0,60,N,Pass,0.0,69.2,1897.0,22.06,86.0
EEE,2014J,490443,M,North Western Region,A Level or Equivalent,0-10%,0-35,0,60,N,Withdrawn,1.0,27.4,314.0,15.7,20.0
EEE,2014J,491170,M,London Region,A Level or Equivalent,10-20%,0-35,0,30,N,Pass,3.0,33.0,1070.0,16.72,64.0
EEE,2014J,491664,M,East Midlands Region,A Level or Equivalent,50-60%,0-35,0,60,N,Pass,2.0,47.4,537.0,15.79,34.0
EEE,2014J,494270,M,London Region,A Level or Equivalent,80-90%,35-55,0,90,N,Pass,0.0,73.6,2510.0,17.8,141.0
EEE,2014J,495429,M,Ireland,HE Qualification,nan%,0-35,0,60,N,Distinction,0.0,71.0,2426.0,16.62,146.0
EEE,2014J,496530,M,East Midlands Region,Lower Than A Level,70-80%,0-35,1,60,N,Fail,0.0,34.8,424.0,13.25,32.0
EEE,2014J,500440,M,London Region,A Level or Equivalent,30-40%,0-35,0,90,N,Withdrawn,1.0,30.2,205.0,15.77,13.0
EEE,2014J,502004,M,North Western Region,A Level or Equivalent,40-50%,35-55,0,60,N,Pass,1.0,55.4,2914.0,28.85,101.0
EEE,2014J,502548,F,North Region,Lower Than A Level,30-40%,0-35,0,60,N,Pass,1.0,69.0,2022.0,20.85,97.0
EEE,2014J,506618,M,South West Region,HE Qualification,60-70%,0-35,1,240,N,Withdrawn,0.0,15.8,206.0,11.44,18.0
EEE,2014J,507967,M,Scotland,HE Qualification,10-20%,0-35,0,60,N,Fail,0.0,36.0,739.0,27.37,27.0
EEE,2014J,509780,F,Yorkshire Region,Lower Than A Level,60-70%,0-35,0,60,N,Distinction,0.0,73.2,2736.0,25.57,107.0
EEE,2014J,510402,M,West Midlands Region,A Level or Equivalent,0-10%,0-35,0,60,N,Pass,0.0,70.2,2187.0,29.16,75.0
EEE,2014J,515977,M,Scotland,Lower Than A Level,10-20%,0-35,0,60,N,Distinction,0.0,69.4,1706.0,14.71,116.0
EEE,2014J,517094,M,North Region,A Level or Equivalent,30-40%,0-35,2,60,N,Distinction,1.0,72.6,1258.0,27.35,46.0
EEE,2014J,520077,M,South Region,Lower Than A Level,30-40%,35-55,0,90,N,Distinction,0.0,71.6,4384.0,32.96,133.0
EEE,2014J,521541,M,East Midlands Region,A Level or Equivalent,10-20%,0-35,0,60,N,Fail,1.0,27.8,922.0,23.05,40.0
EEE,2014J,522645,M,North Western Region,HE Qualification,60-70%,0-35,0,60,N,Fail,0.0,16.8,264.0,13.2,20.0
EEE,2014J,523804,M,Scotland,Lower Than A Level,10-20%,0-35,0,30,N,Fail,0.0,16.2,183.0,30.5,6.0
EEE,2014J,523872,M,South Region,Lower Than A Level,50-60%,0-35,0,60,N,Pass,1.0,60.6,1513.0,15.6,97.0
EEE,2014J,525217,M,South Region,Lower Than A Level,90-100%,0-35,0,60,N,Pass,0.0,65.0,1913.0,22.77,84.0
EEE,2014J,525625,M,London Region,A Level or Equivalent,30-40%,0-35,0,60,N,Pass,0.0,52.0,1637.0,18.19,90.0
EEE,2014J,529287,M,Scotland,Lower Than A Level,40-50%,0-35,0,90,Y,Withdrawn,1.0,25.2,785.0,14.81,53.0
EEE,2014J,529670,M,Yorkshire Region,Lower Than A Level,80-90%,0-35,0,60,N,Pass,0.0,74.8,2682.0,17.42,154.0
EEE,2014J,530087,M,North Western Region,HE Qualification,80-90%,0-35,0,90,N,Pass,2.0,67.4,1515.0,11.65,130.0
EEE,2014J,532579,M,North Western Region,A Level or Equivalent,20-30%,0-35,0,30,N,Pass,0.0,66.2,3893.0,42.78,91.0
EEE,2014J,532846,M,South West Region,Lower Than A Level,30-40%,0-35,0,60,N,Fail,1.0,66.2,1205.0,20.08,60.0
EEE,2014J,536984,M,East Anglian Region,Lower Than A Level,70-80%,35-55,0,60,N,Pass,0.0,65.0,2543.0,16.41,155.0
EEE,2014J,540219,M,Wales,A Level or Equivalent,30-40%,0-35,0,60,N,Distinction,1.0,71.8,2561.0,25.36,101.0
EEE,2014J,542279,F,London Region,HE Qualification,20-30%,0-35,0,60,N,Pass,0.0,68.2,2115.0,25.79,82.0
EEE,2014J,543931,M,North Western Region,Lower Than A Level,40-50%,0-35,0,60,N,Pass,0.0,72.2,1719.0,13.98,123.0
EEE,2014J,545493,M,Scotland,HE Qualification,90-100%,0-35,0,90,N,Pass,0.0,56.8,3259.0,44.64,73.0
EEE,2014J,547153,M,Wales,A Level or Equivalent,80-90%,0-35,0,60,N,Pass,0.0,76.8,1083.0,17.47,62.0
EEE,2014J,548807,M,Wales,A Level or Equivalent,60-70%,0-35,0,60,N,Pass,1.0,73.0,1120.0,20.36,55.0
EEE,2014J,549922,M,South East Region,A Level or Equivalent,80-90%,0-35,0,120,N,Fail,0.0,72.2,1860.0,15.25,122.0
EEE,2014J,550573,M,London Region,HE Qualification,60-70%,0-35,2,90,N,Pass,0.0,65.8,1237.0,15.66,79.0
EEE,2014J,551182,M,West Midlands Region,Lower Than A Level,30-40%,0-35,1,30,N,Pass,2.0,70.0,1605.0,22.29,72.0
EEE,2014J,552441,F,Yorkshire Region,A Level or Equivalent,0-10%,0-35,0,90,N,Pass,3.0,74.2,2914.0,19.69,148.0
EEE,2014J,554235,M,North Western Region,Lower Than A Level,50-60%,35-55,1,30,N,Fail,0.0,16.0,570.0,38.0,15.0
EEE,2014J,554459,M,North Western Region,A Level or Equivalent,40-50%,0-35,1,60,N,Pass,3.0,41.6,564.0,12.82,44.0
EEE,2014J,557229,M,North Western Region,Lower Than A Level,10-20%,35-55,0,60,N,Pass,0.0,59.4,3993.0,25.6,156.0
EEE,2014J,558509,M,East Anglian Region,Lower Than A Level,40-50%,0-35,0,60,N,Pass,0.0,55.4,1326.0,17.92,74.0
EEE,2014J,560707,M,Yorkshire Region,HE Qualification,90-100%,0-35,1,30,N,Pass,0.0,67.2,807.0,13.45,60.0
EEE,2014J,560759,M,West Midlands Region,A Level or Equivalent,80-90%,0-35,0,60,N,Pass,1.0,43.8,916.0,9.85,93.0
EEE,2014J,560881,M,West Midlands Region,A Level or Equivalent,20-30%,0-35,0,90,Y,Fail,2.0,54.8,1710.0,16.13,106.0
EEE,2014J,560921,M,Yorkshire Region,HE Qualification,40-50%,0-35,0,30,N,Pass,0.0,65.8,1008.0,16.8,60.0
EEE,2014J,561208,M,East Anglian Region,A Level or Equivalent,60-70%,0-35,1,60,N,Pass,1.0,58.6,600.0,17.14,35.0
EEE,2014J,561413,F,Ireland,Lower Than A Level,0-10%,0-35,0,60,N,Distinction,0.0,79.6,5776.0,30.72,188.0
EEE,2014J,563046,M,East Anglian Region,A Level or Equivalent,50-60%,0-35,0,60,N,Pass,2.0,47.2,434.0,7.89,55.0
EEE,2014J,563321,M,South Region,HE Qualification,70-80%,0-35,0,60,N,Pass,0.0,68.0,992.0,17.4,57.0
EEE,2014J,563534,M,Ireland,A Level or Equivalent,0-10%,35-55,0,60,N,Withdrawn,1.0,32.4,815.0,16.63,49.0
EEE,2014J,564445,M,East Midlands Region,HE Qualification,40-50%,35-55,0,60,N,Pass,1.0,50.4,1091.0,25.98,42.0
EEE,2014J,564734,M,East Anglian Region,Lower Than A Level,80-90%,0-35,0,60,N,Pass,1.0,71.6,2800.0,20.29,138.0
EEE,2014J,565275,M,South Region,A Level or Equivalent,40-50%,0-35,2,90,N,Pass,0.0,70.4,3895.0,22.39,174.0
EEE,2014J,565952,F,South Region,A Level or Equivalent,40-50%,0-35,0,60,Y,Pass,0.0,66.6,1541.0,20.82,74.0
EEE,2014J,566279,M,Scotland,A Level or Equivalent,0-10%,0-35,1,90,N,Pass,0.0,68.4,1103.0,12.68,87.0
EEE,2014J,566428,M,South West Region,A Level or Equivalent,50-60%,0-35,0,90,N,Pass,0.0,43.6,289.0,12.04,24.0
EEE,2014J,569372,M,East Anglian Region,HE Qualification,20-30%,35-55,0,30,N,Distinction,3.0,75.6,7422.0,43.15,172.0
EEE,2014J,569953,F,London Region,Lower Than A Level,20-30%,0-35,0,30,N,Pass,1.0,77.0,1391.0,26.75,52.0
EEE,2014J,570045,M,East Anglian Region,A Level or Equivalent,40-50%,0-35,0,60,N,Pass,0.0,75.8,2853.0,24.81,115.0
EEE,2014J,570273,M,South Region,A Level or Equivalent,90-100%,0-35,1,60,N,Pass,0.0,74.0,2870.0,22.42,128.0
EEE,2014J,570491,M,West Midlands Region,A Level or Equivalent,70-80%,0-35,0,90,N,Pass,0.0,70.8,2474.0,21.7,114.0
EEE,2014J,570954,M,Scotland,Lower Than A Level,20-30%,35-55,1,60,Y,Withdrawn,0.0,13.8,744.0,23.25,32.0
EEE,2014J,572168,M,South Region,HE Qualification,50-60%,0-35,1,30,N,Withdrawn,0.0,55.6,13.0,6.5,2.0
EEE,2014J,572599,M,West Midlands Region,Lower Than A Level,10-20%,0-35,0,60,Y,Pass,0.0,63.2,2381.0,26.75,89.0
EEE,2014J,573503,M,London Region,Lower Than A Level,40-50%,35-55,0,120,N,Withdrawn,0.0,19.6,535.0,21.4,25.0
EEE,2014J,575066,M,South West Region,A Level or Equivalent,90-100%,0-35,0,90,N,Fail,4.0,57.8,3678.0,31.17,118.0
EEE,2014J,575411,M,South West Region,A Level or Equivalent,10-20%,35-55,0,60,N,Pass,0.0,74.4,1418.0,22.51,63.0
EEE,2014J,575623,M,Scotland,Lower Than A Level,70-80%,0-35,0,60,N,Distinction,2.0,76.0,5562.0,24.83,224.0
EEE,2014J,578469,M,North Western Region,A Level or Equivalent,10-20%,0-35,0,60,N,Pass,0.0,66.8,1999.0,18.17,110.0
EEE,2014J,579052,M,North Region,A Level or Equivalent,40-50%,35-55,0,60,N,Pass,0.0,68.0,1723.0,18.73,92.0
EEE,2014J,579283,M,South Region,Lower Than A Level,nan%,0-35,0,90,N,Distinction,0.0,77.2,3104.0,17.34,179.0
EEE,2014J,580689,M,Scotland,HE Qualification,20-30%,35-55,1,60,Y,Fail,0.0,30.6,215.0,15.36,14.0
EEE,2014J,580798,M,South West Region,Lower Than A Level,60-70%,0-35,0,60,N,Pass,0.0,69.6,2396.0,24.45,98.0
EEE,2014J,581082,M,East Anglian Region,A Level or Equivalent,90-100%,0-35,0,60,N,Pass,0.0,75.0,3816.0,24.15,158.0
EEE,2014J,581238,M,Yorkshire Region,Lower Than A Level,70-80%,35-55,0,60,N,Pass,0.0,63.0,1780.0,19.78,90.0
EEE,2014J,581851,M,Scotland,HE Qualification,90-100%,35-55,1,30,N,Pass,0.0,60.8,5763.0,47.24,122.0
EEE,2014J,581887,F,North Region,HE Qualification,nan%,0-35,0,30,N,Pass,1.0,51.8,3368.0,30.9,109.0
EEE,2014J,582094,M,Wales,A Level or Equivalent,90-100%,0-35,1,30,N,Pass,0.0,72.4,2469.0,22.24,111.0
EEE,2014J,583288,F,London Region,A Level or Equivalent,0-10%,0-35,0,120,N,Withdrawn,0.0,16.6,376.0,25.07,15.0
EEE,2014J,583719,M,South East Region,A Level or Equivalent,70-80%,0-35,0,60,N,Distinction,0.0,74.2,2157.0,18.76,115.0
EEE,2014J,584514,M,West Midlands Region,Lower Than A Level,60-70%,0-35,1,60,N,Fail,1.0,22.0,263.0,12.52,21.0
EEE,2014J,584718,M,South West Region,Lower Than A Level,90-100%,35-55,0,60,N,Fail,0.0,64.2,2748.0,17.62,156.0
EEE,2014J,585643,M,North Western Region,A Level or Equivalent,30-40%,0-35,0,90,N,Pass,0.0,53.0,683.0,11.98,57.0
EEE,2014J,585769,F,Scotland,Post Graduate Qualification,50-60%,0-35,1,60,N,Withdrawn,0.0,52.8,390.0,10.83,36.0
EEE,2014J,585852,M,South West Region,Lower Than A Level,60-70%,0-35,0,60,N,Pass,0.0,62.2,2520.0,19.38,130.0
EEE,2014J,586474,M,East Anglian Region,A Level or Equivalent,90-100%,0-35,0,30,N,Pass,0.0,55.0,1075.0,28.29,38.0
EEE,2014J,587008,M,South Region,A Level or Equivalent,70-80%,0-35,1,60,N,Pass,3.0,41.2,2522.0,17.39,145.0
EEE,2014J,587122,M,Scotland,Lower Than A Level,60-70%,35-55,1,60,N,Fail,0.0,52.0,10.0,2.5,4.0
EEE,2014J,587621,F,London Region,Lower Than A Level,70-80%,35-55,1,60,N,Fail,3.0,47.4,694.0,18.76,37.0
EEE,2014J,587793,F,North Western Region,Lower Than A Level,50-60%,0-35,0,90,N,Distinction,0.0,76.4,2114.0,17.33,122.0
EEE,2014J,588058,M,South Region,Lower Than A Level,50-60%,35-55,0,180,Y,Withdrawn,0.0,12.4,354.0,14.75,24.0
EEE,2014J,588474,M,North Region,Lower Than A Level,nan%,0-35,0,90,N,Pass,0.0,70.8,2178.0,18.94,115.0
EEE,2014J,589856,M,East Anglian Region,A Level or Equivalent,90-100%,0-35,1,90,N,Fail,0.0,52.2,1654.0,23.3,71.0
EEE,2014J,590837,M,North Western Region,Lower Than A Level,30-40%,0-35,0,60,N,Pass,0.0,49.4,1412.0,18.34,77.0
EEE,2014J,591523,M,South Region,A Level or Equivalent,40-50%,35-55,0,150,N,Pass,0.0,75.6,4707.0,23.19,203.0
EEE,2014J,591761,F,Scotland,HE Qualification,40-50%,0-35,0,30,N,Pass,0.0,47.0,940.0,18.8,50.0
EEE,2014J,592047,F,South Region,HE Qualification,50-60%,0-35,0,60,N,Pass,0.0,71.4,5084.0,28.72,177.0
EEE,2014J,592338,F,South Region,A Level or Equivalent,70-80%,0-35,0,60,N,Pass,0.0,59.6,1773.0,21.11,84.0
EEE,2014J,592843,M,South West Region,A Level or Equivalent,60-70%,0-35,0,60,N,Distinction,0.0,72.8,2315.0,14.94,155.0
EEE,2014J,593038,F,East Anglian Region,A Level or Equivalent,40-50%,35-55,0,120,N,Pass,0.0,65.6,1132.0,16.9,67.0
EEE,2014J,593896,M,East Midlands Region,Lower Than A Level,30-40%,35-55,0,90,N,Pass,0.0,37.8,1757.0,14.76,119.0
EEE,2014J,594629,M,South Region,Lower Than A Level,70-80%,35-55,0,60,N,Pass,0.0,65.8,4923.0,23.33,211.0
EEE,2014J,596326,M,London Region,A Level or Equivalent,50-60%,35-55,0,120,N,Withdrawn,0.0,28.4,1198.0,16.41,73.0
EEE,2014J,596855,M,South West Region,Lower Than A Level,60-70%,0-35,0,60,N,Withdrawn,0.0,17.0,321.0,26.75,12.0
EEE,2014J,597252,M,East Anglian Region,Lower Than A Level,70-80%,0-35,0,120,N,Withdrawn,0.0,15.8,650.0,20.31,32.0
EEE,2014J,597732,M,Yorkshire Region,HE Qualification,80-90%,55<=,0,30,N,Pass,0.0,68.0,1756.0,15.82,111.0
EEE,2014J,598573,F,Scotland,A Level or Equivalent,10-20%,0-35,2,60,N,Withdrawn,0.0,14.0,761.0,33.09,23.0
EEE,2014J,599215,F,Yorkshire Region,A Level or Equivalent,50-60%,35-55,0,60,N,Fail,1.0,47.8,2370.0,27.24,87.0
EEE,2014J,599429,M,Yorkshire Region,A Level or Equivalent,0-10%,0-35,0,90,N,Fail,3.0,44.8,479.0,15.45,31.0
EEE,2014J,600267,M,Scotland,A Level or Equivalent,10-20%,0-35,0,90,Y,Withdrawn,0.0,27.8,306.0,10.93,28.0
EEE,2014J,600766,M,Scotland,A Level or Equivalent,60-70%,0-35,0,60,N,Distinction,0.0,77.6,7815.0,34.58,226.0
EEE,2014J,600898,M,West Midlands Region,A Level or Equivalent,10-20%,0-35,0,90,N,Withdrawn,0.0,16.6,502.0,16.73,30.0
EEE,2014J,601567,M,East Anglian Region,Lower Than A Level,70-80%,0-35,0,60,N,Fail,2.0,51.8,640.0,16.41,39.0
EEE,2014J,602150,M,London Region,A Level or Equivalent,20-30%,0-35,2,30,N,Withdrawn,0.0,19.6,63.0,21.0,3.0
EEE,2014J,602707,M,Wales,A Level or Equivalent,80-90%,0-35,0,60,N,Pass,0.0,71.6,2247.0,21.61,104.0
EEE,2014J,602830,M,South Region,HE Qualification,30-40%,0-35,0,60,N,Distinction,0.0,72.2,1559.0,17.92,87.0
EEE,2014J,603108,M,East Anglian Region,A Level or Equivalent,80-90%,0-35,0,120,N,Pass,0.0,65.4,1592.0,15.61,102.0
EEE,2014J,603179,M,South East Region,Lower Than A Level,40-50%,35-55,2,60,N,Pass,1.0,39.8,1228.0,22.74,54.0
EEE,2014J,604057,F,Scotland,A Level or Equivalent,90-100%,0-35,0,120,N,Distinction,0.0,77.4,1930.0,19.9,97.0
EEE,2014J,605125,M,West Midlands Region,Lower Than A Level,80-90%,35-55,0,30,N,Pass,2.0,37.2,709.0,17.29,41.0
EEE,2014J,605129,M,West Midlands Region,A Level or Equivalent,0-10%,0-35,0,60,N,Pass,0.0,63.8,1380.0,17.92,77.0
EEE,2014J,605294,M,South Region,Lower Than A Level,40-50%,0-35,0,90,N,Distinction,0.0,75.2,2561.0,21.7,118.0
EEE,2014J,605541,M,East Anglian Region,Lower Than A Level,90-100%,0-35,0,60,Y,Fail,0.0,19.6,128.0,10.67,12.0
EEE,2014J,605545,M,South East Region,Post Graduate Qualification,40-50%,35-55,1,60,N,Fail,0.0,32.4,212.0,42.4,5.0
EEE,2014J,605836,M,South West Region,Lower Than A Level,10-20%,0-35,0,60,N,Distinction,0.0,77.4,2358.0,22.67,104.0
EEE,2014J,608488,F,East Midlands Region,Lower Than A Level,90-100%,0-35,0,60,N,Pass,0.0,67.4,3101.0,31.32,99.0
EEE,2014J,608853,M,South Region,A Level or Equivalent,50-60%,0-35,1,90,N,Pass,0.0,45.2,2165.0,20.23,107.0
EEE,2014J,609605,M,Wales,HE Qualification,70-80%,0-35,1,60,N,Fail,0.0,53.6,684.0,15.91,43.0
EEE,2014J,610275,M,South Region,A Level or Equivalent,70-80%,35-55,0,60,N,Pass,0.0,70.2,4358.0,25.79,169.0
EEE,2014J,610287,M,East Anglian Region,HE Qualification,80-90%,0-35,1,60,N,Pass,0.0,62.8,103.0,14.71,7.0
EEE,2014J,610373,F,Scotland,HE Qualification,40-50%,0-35,0,60,N,Distinction,0.0,70.2,1297.0,16.84,77.0
EEE,2014J,610672,M,East Anglian Region,A Level or Equivalent,90-100%,0-35,0,60,N,Pass,1.0,62.2,1887.0,13.77,137.0
EEE,2014J,610904,M,South West Region,A Level or Equivalent,10-20%,0-35,0,60,N,Pass,0.0,68.0,3421.0,21.12,162.0
EEE,2014J,611162,F,Ireland,Lower Than A Level,20-30%,0-35,0,120,N,Pass,0.0,66.2,1217.0,17.39,70.0
EEE,2014J,611405,M,West Midlands Region,Lower Than A Level,90-100%,0-35,1,30,N,Distinction,0.0,74.4,2610.0,19.19,136.0
EEE,2014J,611961,M,Yorkshire Region,Lower Than A Level,70-80%,0-35,0,60,N,Pass,0.0,74.4,2181.0,19.13,114.0
EEE,2014J,611971,M,North Western Region,A Level or Equivalent,30-40%,0-35,1,60,N,Withdrawn,0.0,38.2,899.0,18.73,48.0
EEE,2014J,613644,M,South West Region,A Level or Equivalent,40-50%,0-35,0,60,N,Fail,0.0,11.6,97.0,13.86,7.0
EEE,2014J,613953,M,North Western Region,A Level or Equivalent,50-60%,0-35,0,30,N,Pass,0.0,66.8,1947.0,15.7,124.0
EEE,2014J,614181,M,North Western Region,HE Qualification,60-70%,0-35,0,30,N,Pass,0.0,72.8,1257.0,17.46,72.0
EEE,2014J,614300,M,East Midlands Region,A Level or Equivalent,20-30%,0-35,0,60,N,Pass,0.0,75.0,1892.0,18.19,104.0
EEE,2014J,614737,M,Ireland,A Level or Equivalent,30-40%,0-35,0,60,N,Fail,1.0,12.8,230.0,16.43,14.0
EEE,2014J,615429,M,North Region,HE Qualification,20-30%,0-35,0,60,N,Withdrawn,0.0,52.6,2226.0,19.7,113.0
EEE,2014J,616407,M,Wales,Lower Than A Level,70-80%,35-55,1,60,N,Fail,0.0,73.2,11.0,3.67,3.0
EEE,2014J,617309,M,Wales,A Level or Equivalent,30-40%,0-35,1,60,N,Fail,0.0,10.6,151.0,21.57,7.0
EEE,2014J,617888,M,East Midlands Region,A Level or Equivalent,80-90%,0-35,0,60,N,Pass,0.0,62.8,2032.0,20.12,101.0
EEE,2014J,619168,M,Scotland,A Level or Equivalent,80-90%,0-35,0,60,N,Pass,1.0,61.2,503.0,22.86,22.0
EEE,2014J,620343,M,Wales,A Level or Equivalent,70-80%,0-35,0,60,N,Distinction,0.0,69.4,2896.0,21.61,134.0
EEE,2014J,620519,M,Scotland,Post Graduate Qualification,90-100%,0-35,0,60,N,Pass,3.0,76.0,1560.0,14.86,105.0
EEE,2014J,620536,M,Ireland,A Level or Equivalent,0-10%,0-35,0,30,N,Withdrawn,0.0,36.8,791.0,16.48,48.0
EEE,2014J,620782,M,West Midlands Region,A Level or Equivalent,50-60%,0-35,0,150,N,Pass,0.0,64.8,1061.0,20.4,52.0
EEE,2014J,621380,M,South Region,Lower Than A Level,20-30%,0-35,0,90,N,Pass,0.0,65.8,486.0,9.53,51.0
EEE,2014J,622129,F,Scotland,HE Qualification,70-80%,35-55,0,60,N,Pass,0.0,76.0,1907.0,17.5,109.0
EEE,2014J,622315,M,North Region,Lower Than A Level,20-30%,0-35,1,30,N,Fail,1.0,34.8,751.0,44.18,17.0
EEE,2014J,622890,M,North Western Region,A Level or Equivalent,60-70%,0-35,0,60,N,Withdrawn,1.0,18.6,525.0,17.5,30.0
EEE,2014J,623467,M,East Anglian Region,Lower Than A Level,80-90%,0-35,0,150,N,Pass,0.0,65.2,5106.0,25.66,199.0
EEE,2014J,623757,F,West Midlands Region,A Level or Equivalent,10-20%,0-35,0,120,N,Withdrawn,0.0,17.6,315.0,26.25,12.0
EEE,2014J,623889,M,South Region,A Level or Equivalent,40-50%,0-35,0,30,Y,Pass,1.0,71.0,1862.0,23.87,78.0
EEE,2014J,623989,M,Scotland,A Level or Equivalent,60-70%,35-55,0,30,N,Distinction,0.0,78.2,2044.0,19.47,105.0
EEE,2014J,624126,M,South Region,Lower Than A Level,90-100%,0-35,1,90,N,Fail,0.0,18.8,100.0,25.0,4.0
EEE,2014J,624222,M,North Region,Lower Than A Level,0-10%,0-35,0,90,N,Distinction,0.0,74.2,3023.0,19.76,153.0
EEE,2014J,625288,M,East Midlands Region,A Level or Equivalent,40-50%,0-35,0,120,N,Withdrawn,0.0,10.8,439.0,23.11,19.0
EEE,2014J,625614,M,North Region,Lower Than A Level,nan%,0-35,0,30,N,Pass,0.0,56.4,2705.0,19.46,139.0
EEE,2014J,625785,M,Scotland,A Level or Equivalent,90-100%,0-35,1,60,N,Pass,0.0,69.4,1557.0,17.69,88.0
EEE,2014J,625797,M,North Region,Lower Than A Level,nan%,0-35,0,90,N,Fail,1.0,44.2,511.0,34.07,15.0
EEE,2014J,626998,M,Yorkshire Region,HE Qualification,30-40%,0-35,1,30,N,Pass,1.0,44.4,58.0,8.29,7.0
EEE,2014J,627283,M,North Western Region,A Level or Equivalent,0-10%,0-35,0,120,N,Pass,0.0,54.6,1216.0,20.61,59.0
EEE,2014J,627312,M,North Region,HE Qualification,nan%,35-55,1,60,N,Pass,0.0,69.8,991.0,12.71,78.0
EEE,2014J,627935,F,East Midlands Region,A Level or Equivalent,10-20%,0-35,0,90,N,Withdrawn,1.0,14.2,308.0,15.4,20.0
EEE,2014J,628054,M,East Midlands Region,Lower Than A Level,40-50%,35-55,1,150,N,Pass,0.0,56.6,497.0,24.85,20.0
EEE,2014J,628366,M,Scotland,Lower Than A Level,40-50%,0-35,1,30,N,Withdrawn,0.0,17.6,10.0,5.0,2.0
EEE,2014J,628480,M,West Midlands Region,Lower Than A Level,70-80%,0-35,0,90,N,Pass,0.0,60.8,1655.0,16.55,100.0
EEE,2014J,628717,M,London Region,A Level or Equivalent,30-40%,0-35,0,180,N,Withdrawn,1.0,39.4,564.0,15.67,36.0
EEE,2014J,628741,M,South West Region,Lower Than A Level,80-90%,0-35,0,30,N,Pass,0.0,57.4,835.0,10.44,80.0
EEE,2014J,628766,M,Ireland,Lower Than A Level,60-70%,0-35,0,60,N,Pass,2.0,74.2,1356.0,13.84,98.0
EEE,2014J,629014,F,South East Region,Lower Than A Level,30-40%,35-55,0,90,N,Pass,0.0,71.0,7780.0,32.97,236.0
EEE,2014J,629101,M,South West Region,Lower Than A Level,60-70%,0-35,0,30,N,Pass,0.0,66.2,712.0,10.17,70.0
EEE,2014J,629400,M,Scotland,A Level or Equivalent,90-100%,0-35,0,90,N,Pass,0.0,66.8,1412.0,16.61,85.0
EEE,2014J,629535,M,East Midlands Region,HE Qualification,10-20%,0-35,0,60,N,Pass,0.0,74.2,607.0,15.18,40.0
EEE,2014J,629642,M,North Region,Lower Than A Level,nan%,35-55,0,90,N,Pass,0.0,70.0,5007.0,26.08,192.0
EEE,2014J,629852,M,South East Region,A Level or Equivalent,30-40%,0-35,0,60,N,Withdrawn,0.0,34.6,805.0,15.19,53.0
EEE,2014J,629862,M,West Midlands Region,Lower Than A Level,60-70%,0-35,0,30,N,Pass,0.0,70.2,1223.0,18.25,67.0
EEE,2014J,630105,M,Scotland,Lower Than A Level,80-90%,0-35,0,90,N,Pass,0.0,62.2,1734.0,18.45,94.0
EEE,2014J,630106,M,East Anglian Region,A Level or Equivalent,40-50%,0-35,0,90,N,Pass,1.0,64.8,3722.0,21.03,177.0
EEE,2014J,630519,M,East Midlands Region,HE Qualification,50-60%,0-35,0,60,N,Pass,0.0,72.2,2398.0,24.22,99.0
EEE,2014J,630541,M,North Western Region,Lower Than A Level,0-10%,0-35,0,90,N,Distinction,0.0,70.2,3126.0,20.3,154.0
EEE,2014J,631113,M,Scotland,HE Qualification,60-70%,0-35,0,60,N,Pass,0.0,63.2,1118.0,24.3,46.0
EEE,2014J,631888,M,North Region,Lower Than A Level,nan%,35-55,0,30,Y,Withdrawn,0.0,26.0,633.0,24.35,26.0
EEE,2014J,632626,M,South East Region,A Level or Equivalent,30-40%,35-55,0,90,N,Distinction,3.0,70.6,2425.0,26.94,90.0
EEE,2014J,632635,F,Scotland,Lower Than A Level,0-10%,0-35,0,60,N,Pass,0.0,50.4,1381.0,32.12,43.0
EEE,2014J,632950,M,North Region,A Level or Equivalent,70-80%,0-35,0,30,N,Distinction,0.0,74.8,3225.0,20.03,161.0
EEE,2014J,633824,M,East Midlands Region,A Level or Equivalent,70-80%,0-35,0,60,Y,Distinction,0.0,75.0,6431.0,28.84,223.0
EEE,2014J,633914,F,East Midlands Region,A Level or Equivalent,50-60%,0-35,0,60,N,Pass,0.0,70.4,2904.0,22.0,132.0
EEE,2014J,634094,F,West Midlands Region,A Level or Equivalent,10-20%,0-35,0,60,N,Pass,2.0,66.4,730.0,19.21,38.0
EEE,2014J,634367,M,West Midlands Region,A Level or Equivalent,80-90%,35-55,1,30,N,Pass,0.0,74.4,5651.0,26.16,216.0
EEE,2014J,634552,M,South East Region,A Level or Equivalent,80-90%,0-35,0,60,N,Pass,0.0,68.0,603.0,11.17,54.0
EEE,2014J,634721,M,Scotland,A Level or Equivalent,70-80%,0-35,0,60,N,Pass,3.0,55.0,1407.0,20.1,70.0
EEE,2014J,634776,M,East Midlands Region,A Level or Equivalent,70-80%,0-35,0,90,N,Pass,1.0,68.6,2068.0,23.5,88.0
EEE,2014J,634879,M,London Region,A Level or Equivalent,50-60%,35-55,0,90,N,Pass,0.0,74.8,3114.0,28.31,110.0
EEE,2014J,634940,M,South East Region,A Level or Equivalent,10-20%,0-35,0,60,N,Distinction,0.0,72.4,1768.0,18.04,98.0
EEE,2014J,634957,M,London Region,Lower Than A Level,20-30%,35-55,0,60,N,Withdrawn,1.0,8.0,266.0,19.0,14.0
EEE,2014J,635325,M,East Anglian Region,Lower Than A Level,50-60%,0-35,0,30,N,Pass,1.0,60.0,1818.0,27.97,65.0
EEE,2014J,635564,M,North Western Region,Lower Than A Level,80-90%,0-35,0,60,N,Pass,0.0,70.6,1441.0,21.19,68.0
EEE,2014J,635720,M,South West Region,A Level or Equivalent,50-60%,0-35,0,30,N,Pass,1.0,66.2,1579.0,21.63,73.0
EEE,2014J,635953,M,East Anglian Region,A Level or Equivalent,50-60%,0-35,0,60,N,Distinction,0.0,75.2,2063.0,14.33,144.0
EEE,2014J,636124,M,East Midlands Region,Post Graduate Qualification,60-70%,35-55,0,60,N,Distinction,0.0,75.4,3099.0,18.23,170.0
EEE,2014J,636443,M,North Region,A Level or Equivalent,60-70%,0-35,0,90,N,Pass,1.0,63.2,1190.0,19.19,62.0
EEE,2014J,636467,M,London Region,A Level or Equivalent,60-70%,35-55,0,60,N,Pass,0.0,67.0,1888.0,19.46,97.0
EEE,2014J,636996,M,Scotland,A Level or Equivalent,60-70%,0-35,0,90,Y,Pass,0.0,73.0,2804.0,18.21,154.0
EEE,2014J,637123,M,Wales,A Level or Equivalent,90-100%,0-35,0,60,N,Pass,0.0,76.6,2416.0,23.46,103.0
EEE,2014J,637401,M,South Region,HE Qualification,90-100%,35-55,0,60,N,Pass,0.0,75.6,2681.0,22.34,120.0
EEE,2014J,637528,M,London Region,A Level or Equivalent,40-50%,35-55,0,60,N,Fail,1.0,15.2,666.0,24.67,27.0
EEE,2014J,637624,M,Scotland,HE Qualification,90-100%,0-35,0,150,N,Pass,0.0,54.0,782.0,18.19,43.0
EEE,2014J,638018,M,South Region,A Level or Equivalent,30-40%,0-35,0,60,N,Distinction,0.0,76.0,1120.0,14.74,76.0
EEE,2014J,638257,M,East Anglian Region,A Level or Equivalent,30-40%,0-35,0,60,N,Fail,1.0,48.4,636.0,16.74,38.0
EEE,2014J,638604,M,Scotland,Lower Than A Level,70-80%,0-35,0,90,N,Pass,0.0,65.8,3971.0,32.55,122.0
EEE,2014J,638970,M,East Anglian Region,A Level or Equivalent,40-50%,0-35,0,60,N,Pass,0.0,46.2,464.0,11.6,40.0
EEE,2014J,639012,F,North Western Region,A Level or Equivalent,80-90%,0-35,0,150,N,Pass,1.0,58.0,2111.0,21.99,96.0
EEE,2014J,639194,M,Scotland,A Level or Equivalent,70-80%,35-55,0,120,N,Distinction,0.0,70.4,1683.0,18.7,90.0
EEE,2014J,639243,M,London Region,A Level or Equivalent,80-90%,0-35,0,60,N,Fail,0.0,44.8,1291.0,29.34,44.0
EEE,2014J,639253,F,South Region,HE Qualification,80-90%,0-35,0,60,N,Distinction,1.0,71.6,1865.0,23.91,78.0
EEE,2014J,640109,M,London Region,No Formal quals,10-20%,35-55,0,90,N,Fail,0.0,11.8,396.0,19.8,20.0
EEE,2014J,640307,M,Scotland,Lower Than A Level,50-60%,0-35,0,60,N,Fail,1.0,63.8,1444.0,14.3,101.0
EEE,2014J,640439,M,Ireland,A Level or Equivalent,30-40%,0-35,0,60,N,Pass,0.0,44.8,1450.0,31.52,46.0
EEE,2014J,640658,F,South West Region,A Level or Equivalent,50-60%,0-35,0,90,N,Withdrawn,1.0,6.0,246.0,11.71,21.0
EEE,2014J,641116,M,South Region,Lower Than A Level,70-80%,35-55,0,60,N,Pass,0.0,77.8,1634.0,18.16,90.0
EEE,2014J,641195,M,South East Region,Lower Than A Level,30-40%,0-35,0,60,N,Fail,0.0,30.6,308.0,19.25,16.0
EEE,2014J,641200,M,Scotland,HE Qualification,20-30%,0-35,0,60,N,Distinction,0.0,75.4,4398.0,25.13,175.0
EEE,2014J,641566,M,South Region,Lower Than A Level,70-80%,0-35,0,60,N,Distinction,0.0,76.6,1345.0,23.19,58.0
EEE,2014J,641569,M,Scotland,Lower Than A Level,60-70%,35-55,0,120,N,Distinction,1.0,69.8,2219.0,21.97,101.0
EEE,2014J,641817,M,Scotland,A Level or Equivalent,20-30%,0-35,0,60,Y,Withdrawn,1.0,17.4,243.0,10.57,23.0
EEE,2014J,641881,M,London Region,Lower Than A Level,20-30%,0-35,0,60,Y,Fail,1.0,13.0,277.0,13.85,20.0
EEE,2014J,641899,M,South West Region,Lower Than A Level,30-40%,0-35,0,30,N,Pass,1.0,70.2,1484.0,20.05,74.0
EEE,2014J,642066,M,South West Region,A Level or Equivalent,20-30%,0-35,0,90,N,Fail,1.0,34.0,355.0,35.5,10.0
EEE,2014J,642342,M,Wales,A Level or Equivalent,60-70%,0-35,0,60,N,Distinction,0.0,73.2,4961.0,39.37,126.0
EEE,2014J,642396,M,South West Region,A Level or Equivalent,80-90%,0-35,0,60,N,Withdrawn,2.0,50.8,1580.0,35.91,44.0
EEE,2014J,642512,M,South West Region,A Level or Equivalent,30-40%,35-55,0,90,N,Withdrawn,1.0,26.2,612.0,21.1,29.0
EEE,2014J,642591,M,East Anglian Region,Lower Than A Level,70-80%,35-55,0,60,N,Distinction,0.0,71.2,4469.0,20.79,215.0
EEE,2014J,642656,M,South West Region,A Level or Equivalent,20-30%,0-35,0,60,N,Distinction,0.0,75.8,4089.0,19.47,210.0
EEE,2014J,642839,F,West Midlands Region,Lower Than A Level,0-10%,0-35,0,150,N,Fail,1.0,51.8,1280.0,16.84,76.0
EEE,2014J,643077,M,Yorkshire Region,A Level or Equivalent,60-70%,35-55,0,60,N,Pass,0.0,75.2,1775.0,16.75,106.0
EEE,2014J,643118,M,South Region,HE Qualification,50-60%,0-35,0,60,N,Distinction,0.0,76.0,5797.0,31.0,187.0
EEE,2014J,643168,M,North Western Region,A Level or Equivalent,0-10%,0-35,0,120,N,Pass,0.0,54.4,949.0,15.31,62.0
EEE,2014J,643267,M,Wales,A Level or Equivalent,10-20%,0-35,0,60,N,Pass,0.0,52.8,2109.0,19.0,111.0
EEE,2014J,643270,M,West Midlands Region,Lower Than A Level,40-50%,0-35,0,60,N,Pass,1.0,68.2,1244.0,18.57,67.0
EEE,2014J,643309,M,East Anglian Region,A Level or Equivalent,40-50%,35-55,0,120,N,Withdrawn,1.0,17.2,324.0,14.09,23.0
EEE,2014J,643404,F,Scotland,HE Qualification,40-50%,0-35,0,60,N,Fail,0.0,50.2,930.0,23.25,40.0
EEE,2014J,643416,M,East Anglian Region,A Level or Equivalent,30-40%,0-35,0,90,N,Fail,1.0,69.6,1525.0,14.39,106.0
EEE,2014J,643434,M,London Region,HE Qualification,0-10%,35-55,0,60,Y,Pass,2.0,53.2,489.0,9.98,49.0
EEE,2014J,643457,M,East Anglian Region,Lower Than A Level,80-90%,55<=,0,60,N,Pass,0.0,70.2,2980.0,24.23,123.0
EEE,2014J,643481,M,North Western Region,Lower Than A Level,0-10%,0-35,0,90,N,Fail,0.0,67.4,3440.0,37.8,91.0
EEE,2014J,643484,F,Scotland,HE Qualification,10-20%,0-35,0,60,N,Pass,1.0,63.8,2223.0,21.58,103.0
EEE,2014J,643510,M,Wales,A Level or Equivalent,60-70%,0-35,0,60,N,Pass,1.0,57.8,1439.0,12.51,115.0
EEE,2014J,643514,M,East Midlands Region,A Level or Equivalent,70-80%,35-55,0,90,N,Distinction,0.0,76.2,3963.0,31.96,124.0
EEE,2014J,643531,M,Yorkshire Region,Lower Than A Level,50-60%,0-35,0,60,N,Pass,0.0,72.4,4264.0,25.69,166.0
EEE,2014J,643705,M,East Midlands Region,A Level or Equivalent,10-20%,0-35,0,90,N,Pass,0.0,76.2,4898.0,31.4,156.0
EEE,2014J,643770,M,Scotland,HE Qualification,20-30%,0-35,0,90,N,Fail,2.0,66.8,564.0,19.45,29.0
EEE,2014J,643771,M,Scotland,A Level or Equivalent,70-80%,0-35,0,60,N,Distinction,0.0,72.0,1766.0,19.84,89.0
EEE,2014J,644072,F,Wales,Lower Than A Level,60-70%,0-35,0,30,N,Fail,2.0,64.2,2419.0,36.1,67.0
EEE,2014J,644113,M,East Midlands Region,A Level or Equivalent,50-60%,0-35,0,60,N,Distinction,0.0,76.4,3694.0,28.86,128.0
EEE,2014J,644246,M,Yorkshire Region,A Level or Equivalent,30-40%,0-35,0,60,N,Distinction,0.0,74.6,3073.0,21.34,144.0
EEE,2014J,644480,F,London Region,A Level or Equivalent,0-10%,0-35,0,120,N,Pass,1.0,59.6,1859.0,16.31,114.0
EEE,2014J,644514,M,North Region,HE Qualification,nan%,0-35,0,60,N,Pass,2.0,65.8,1520.0,20.0,76.0
EEE,2014J,644742,M,South Region,A Level or Equivalent,30-40%,0-35,0,60,N,Pass,1.0,67.6,2183.0,17.75,123.0
EEE,2014J,644794,F,Ireland,Lower Than A Level,10-20%,0-35,0,60,Y,Pass,1.0,68.2,2038.0,20.18,101.0
EEE,2014J,644905,M,South East Region,HE Qualification,40-50%,0-35,0,120,N,Withdrawn,0.0,11.2,599.0,27.23,22.0
EEE,2014J,645126,M,East Midlands Region,HE Qualification,60-70%,0-35,0,60,N,Distinction,0.0,73.6,2095.0,15.63,134.0
EEE,2014J,645170,M,South Region,A Level or Equivalent,30-40%,35-55,0,60,N,Pass,0.0,70.8,1493.0,27.65,54.0
EEE,2014J,645319,M,Scotland,Lower Than A Level,50-60%,55<=,0,60,N,Pass,0.0,74.6,2417.0,21.58,112.0
EEE,2014J,645451,M,London Region,Lower Than A Level,50-60%,0-35,0,90,N,Pass,0.0,60.4,4815.0,33.91,142.0
EEE,2014J,645542,M,South Region,Lower Than A Level,40-50%,0-35,0,60,N,Pass,0.0,70.8,3543.0,26.84,132.0
EEE,2014J,645557,M,South Region,Lower Than A Level,60-70%,0-35,0,90,N,Withdrawn,0.0,33.0,554.0,16.29,34.0
EEE,2014J,645831,M,Wales,Lower Than A Level,20-30%,0-35,0,60,N,Distinction,0.0,72.8,4293.0,25.25,170.0
EEE,2014J,645847,M,South West Region,HE Qualification,60-70%,35-55,0,90,N,Withdrawn,0.0,54.0,1220.0,17.18,71.0
EEE,2014J,645889,M,Scotland,A Level or Equivalent,50-60%,0-35,0,60,N,Pass,1.0,55.6,369.0,12.3,30.0
EEE,2014J,646005,M,North Western Region,A Level or Equivalent,40-50%,0-35,0,60,N,Distinction,0.0,68.0,3811.0,21.65,176.0
EEE,2014J,646040,M,South Region,A Level or Equivalent,50-60%,0-35,0,90,N,Pass,2.0,66.0,822.0,15.51,53.0
EEE,2014J,646070,M,North Western Region,A Level or Equivalent,30-40%,0-35,0,60,N,Pass,0.0,75.8,1940.0,17.48,111.0
EEE,2014J,646071,M,Scotland,Post Graduate Qualification,80-90%,0-35,0,60,N,Pass,0.0,47.4,872.0,18.55,47.0
EEE,2014J,646097,F,Scotland,HE Qualification,0-10%,0-35,0,60,N,Withdrawn,1.0,29.6,755.0,17.16,44.0
EEE,2014J,646109,M,North Western Region,HE Qualification,0-10%,0-35,0,60,N,Withdrawn,0.0,18.6,413.0,12.15,34.0
EEE,2014J,646184,M,South Region,A Level or Equivalent,90-100%,0-35,0,90,N,Pass,0.0,64.6,2115.0,17.77,119.0
EEE,2014J,646197,M,Scotland,Post Graduate Qualification,90-100%,0-35,0,60,N,Distinction,0.0,74.4,2996.0,21.55,139.0
EEE,2014J,646361,M,North Western Region,HE Qualification,80-90%,0-35,0,60,N,Pass,0.0,72.8,1877.0,14.55,129.0
EEE,2014J,646363,M,East Anglian Region,HE Qualification,60-70%,0-35,0,60,N,Fail,1.0,18.8,226.0,16.14,14.0
EEE,2014J,646459,M,London Region,HE Qualification,10-20%,0-35,0,150,N,Withdrawn,1.0,11.4,465.0,22.14,21.0
EEE,2014J,646502,M,London Region,A Level or Equivalent,30-40%,0-35,0,60,N,Pass,1.0,40.0,1077.0,19.58,55.0
EEE,2014J,646520,M,Scotland,A Level or Equivalent,60-70%,0-35,0,60,Y,Pass,1.0,66.2,1399.0,19.16,73.0
EEE,2014J,646547,M,North Western Region,Lower Than A Level,0-10%,0-35,0,90,N,Fail,0.0,30.8,1740.0,29.0,60.0
EEE,2014J,646581,M,Wales,Lower Than A Level,30-40%,0-35,0,30,N,Fail,0.0,30.4,427.0,12.94,33.0
EEE,2014J,646815,M,East Midlands Region,Lower Than A Level,20-30%,35-55,0,60,N,Fail,1.0,63.0,914.0,18.65,49.0
EEE,2014J,646841,M,North Western Region,Lower Than A Level,0-10%,0-35,0,60,N,Fail,0.0,13.6,369.0,16.04,23.0
EEE,2014J,646903,M,North Western Region,Lower Than A Level,0-10%,0-35,0,60,N,Pass,2.0,58.0,1366.0,21.68,63.0
EEE,2014J,646998,M,East Midlands Region,A Level or Equivalent,90-100%,0-35,0,60,N,Pass,0.0,72.8,1900.0,16.96,112.0
EEE,2014J,647043,M,North Western Region,Lower Than A Level,0-10%,0-35,0,60,N,Fail,0.0,55.4,1121.0,17.52,64.0
EEE,2014J,647083,M,Yorkshire Region,A Level or Equivalent,10-20%,0-35,0,180,N,Pass,1.0,35.8,1533.0,24.73,62.0
EEE,2014J,647148,M,Scotland,A Level or Equivalent,40-50%,0-35,0,120,N,Pass,4.0,62.2,567.0,12.06,47.0
EEE,2014J,647179,M,London Region,A Level or Equivalent,30-40%,35-55,0,60,N,Fail,0.0,31.4,300.0,21.43,14.0
EEE,2014J,647217,M,Wales,A Level or Equivalent,30-40%,0-35,0,120,N,Withdrawn,0.0,17.8,199.0,16.58,12.0
EEE,2014J,647358,M,Scotland,A Level or Equivalent,60-70%,0-35,0,30,N,Fail,0.0,37.0,558.0,21.46,26.0
EEE,2014J,647432,F,Wales,A Level or Equivalent,0-10%,0-35,0,60,N,Withdrawn,0.0,11.4,295.0,16.39,18.0
EEE,2014J,647466,F,North Region,HE Qualification,10-20%,0-35,0,60,N,Pass,0.0,65.4,1934.0,21.98,88.0
EEE,2014J,647645,M,East Anglian Region,A Level or Equivalent,80-90%,0-35,0,90,N,Pass,1.0,59.6,1177.0,18.11,65.0
EEE,2014J,647865,M,East Anglian Region,A Level or Equivalent,30-40%,0-35,0,60,N,Pass,0.0,50.6,919.0,21.88,42.0
EEE,2014J,647888,M,South East Region,A Level or Equivalent,80-90%,0-35,0,60,N,Distinction,0.0,69.2,934.0,20.3,46.0
EEE,2014J,647916,M,North Region,A Level or Equivalent,nan%,0-35,0,60,N,Pass,0.0,59.6,1193.0,10.11,118.0
EEE,2014J,647919,M,East Midlands Region,Lower Than A Level,20-30%,0-35,0,60,N,Pass,0.0,67.4,1778.0,12.79,139.0
EEE,2014J,647983,M,North Western Region,Lower Than A Level,0-10%,0-35,0,60,N,Pass,0.0,55.8,1104.0,18.4,60.0
EEE,2014J,647988,F,East Midlands Region,A Level or Equivalent,90-100%,0-35,0,60,N,Pass,1.0,68.0,1182.0,14.41,82.0
EEE,2014J,648001,M,Yorkshire Region,Lower Than A Level,70-80%,0-35,0,60,N,Distinction,0.0,70.8,2743.0,26.63,103.0
EEE,2014J,648058,M,East Midlands Region,Lower Than A Level,30-40%,0-35,0,60,N,Withdrawn,0.0,9.2,157.0,15.7,10.0
EEE,2014J,648090,F,South Region,A Level or Equivalent,20-30%,0-35,0,60,N,Pass,0.0,70.2,2640.0,20.0,132.0
EEE,2014J,648091,M,North Region,A Level or Equivalent,30-40%,0-35,0,60,N,Pass,2.0,63.0,691.0,13.82,50.0
EEE,2014J,648136,M,South West Region,Lower Than A Level,20-30%,0-35,0,60,N,Pass,0.0,68.0,1468.0,13.11,112.0
EEE,2014J,648285,M,Ireland,A Level or Equivalent,40-50%,0-35,0,60,N,Distinction,0.0,68.8,845.0,12.8,66.0
EEE,2014J,648354,F,North Western Region,A Level or Equivalent,20-30%,35-55,0,120,N,Pass,0.0,65.0,930.0,14.31,65.0
EEE,2014J,648369,M,Wales,HE Qualification,40-50%,0-35,0,60,N,Pass,0.0,73.0,1523.0,13.48,113.0
EEE,2014J,648370,M,South East Region,A Level or Equivalent,70-80%,35-55,0,60,N,Pass,0.0,69.2,1506.0,14.76,102.0
EEE,2014J,648422,M,South Region,Lower Than A Level,80-90%,35-55,0,60,N,Pass,0.0,62.2,1426.0,20.37,70.0
EEE,2014J,648436,M,South East Region,HE Qualification,90-100%,35-55,0,60,N,Pass,0.0,68.2,7936.0,46.41,171.0
EEE,2014J,648469,M,East Anglian Region,A Level or Equivalent,80-90%,0-35,0,30,N,Distinction,0.0,75.6,3165.0,19.42,163.0
EEE,2014J,648518,F,Scotland,A Level or Equivalent,60-70%,0-35,0,180,N,Fail,0.0,33.8,1078.0,22.46,48.0
EEE,2014J,648654,M,West Midlands Region,Lower Than A Level,50-60%,0-35,0,60,N,Pass,2.0,37.8,691.0,20.94,33.0
EEE,2014J,648687,M,Wales,A Level or Equivalent,80-90%,0-35,0,60,N,Distinction,2.0,72.8,2305.0,14.59,158.0
EEE,2014J,648787,M,West Midlands Region,Lower Than A Level,10-20%,0-35,0,60,N,Pass,0.0,72.8,4189.0,28.5,147.0
EEE,2014J,648843,M,North Region,A Level or Equivalent,80-90%,0-35,0,60,N,Pass,0.0,60.6,1876.0,21.08,89.0
EEE,2014J,648852,M,North Region,Lower Than A Level,10-20%,35-55,0,60,N,Withdrawn,1.0,10.2,898.0,21.9,41.0
EEE,2014J,648902,M,South West Region,A Level or Equivalent,10-20%,0-35,0,60,Y,Pass,1.0,53.2,1137.0,25.84,44.0
EEE,2014J,648942,M,South East Region,A Level or Equivalent,80-90%,0-35,0,60,N,Pass,3.0,44.4,959.0,31.97,30.0
EEE,2014J,649001,M,London Region,Lower Than A Level,20-30%,35-55,0,60,N,Withdrawn,0.0,5.2,183.0,7.32,25.0
EEE,2014J,649069,M,South West Region,A Level or Equivalent,50-60%,0-35,0,60,N,Pass,0.0,72.8,1631.0,14.18,115.0
EEE,2014J,649171,M,North Western Region,A Level or Equivalent,0-10%,0-35,0,60,N,Pass,0.0,75.0,1832.0,18.32,100.0
EEE,2014J,649215,M,London Region,Lower Than A Level,20-30%,0-35,0,90,N,Fail,2.0,56.2,1021.0,17.02,60.0
EEE,2014J,649255,M,Yorkshire Region,HE Qualification,70-80%,0-35,0,60,N,Distinction,0.0,75.2,4893.0,30.58,160.0
EEE,2014J,649339,M,West Midlands Region,A Level or Equivalent,80-90%,35-55,0,60,N,Distinction,0.0,76.4,5019.0,30.6,164.0
EEE,2014J,649343,M,East Midlands Region,A Level or Equivalent,50-60%,0-35,0,90,N,Pass,2.0,56.2,797.0,13.74,58.0
EEE,2014J,649506,M,Scotland,A Level or Equivalent,50-60%,0-35,0,90,N,Fail,0.0,32.8,917.0,15.28,60.0
EEE,2014J,649637,M,Scotland,HE Qualification,30-40%,0-35,0,60,N,Distinction,0.0,70.2,1330.0,16.22,82.0
EEE,2014J,649667,M,North Western Region,A Level or Equivalent,70-80%,0-35,0,60,N,Pass,0.0,72.8,1892.0,23.36,81.0
EEE,2014J,649713,M,Scotland,A Level or Equivalent,60-70%,0-35,0,60,N,Distinction,0.0,73.2,2763.0,27.09,102.0
EEE,2014J,649718,M,North Western Region,Lower Than A Level,60-70%,0-35,0,60,N,Distinction,0.0,73.6,1758.0,17.07,103.0
EEE,2014J,649738,M,East Anglian Region,HE Qualification,20-30%,35-55,0,60,N,Pass,0.0,72.0,1899.0,17.26,110.0
EEE,2014J,649843,M,London Region,A Level or Equivalent,10-20%,0-35,0,60,N,Pass,0.0,59.6,716.0,14.32,50.0
EEE,2014J,649861,M,North Western Region,Lower Than A Level,0-10%,0-35,0,30,N,Withdrawn,0.0,18.2,567.0,16.68,34.0
EEE,2014J,649863,M,South East Region,Lower Than A Level,40-50%,0-35,0,60,N,Withdrawn,0.0,19.2,234.0,21.27,11.0
EEE,2014J,649935,M,West Midlands Region,A Level or Equivalent,20-30%,0-35,0,60,N,Fail,0.0,28.8,534.0,15.71,34.0
EEE,2014J,649943,M,North Western Region,A Level or Equivalent,50-60%,35-55,0,30,N,Pass,1.0,60.0,1369.0,16.49,83.0
EEE,2014J,650027,M,East Anglian Region,Lower Than A Level,90-100%,0-35,0,60,N,Distinction,0.0,70.0,1899.0,17.11,111.0
EEE,2014J,650145,M,Wales,Lower Than A Level,20-30%,0-35,0,60,N,Fail,2.0,65.2,1452.0,23.8,61.0
EEE,2014J,650164,M,Scotland,HE Qualification,90-100%,0-35,0,30,N,Pass,1.0,73.4,1476.0,28.38,52.0
EEE,2014J,650330,M,South West Region,Lower Than A Level,40-50%,0-35,0,60,N,Distinction,1.0,71.0,4697.0,31.74,148.0
EEE,2014J,650341,F,London Region,A Level or Equivalent,30-40%,0-35,0,150,N,Pass,0.0,48.6,927.0,21.56,43.0
EEE,2014J,650471,M,East Midlands Region,A Level or Equivalent,10-20%,0-35,0,60,N,Pass,0.0,72.8,2838.0,23.26,122.0
EEE,2014J,650504,M,Scotland,A Level or Equivalent,70-80%,0-35,0,40,N,Distinction,0.0,68.8,1604.0,32.73,49.0
EEE,2014J,650533,M,East Midlands Region,A Level or Equivalent,30-40%,35-55,0,30,N,Pass,0.0,62.0,1600.0,19.28,83.0
EEE,2014J,650575,M,Yorkshire Region,A Level or Equivalent,40-50%,0-35,0,90,N,Fail,0.0,72.8,1805.0,15.56,116.0
EEE,2014J,650578,M,East Midlands Region,Lower Than A Level,10-20%,0-35,0,60,Y,Withdrawn,0.0,11.8,102.0,7.85,13.0
EEE,2014J,650592,M,West Midlands Region,Lower Than A Level,60-70%,0-35,0,30,N,Pass,3.0,69.8,1912.0,21.48,89.0
EEE,2014J,650666,M,East Anglian Region,A Level or Equivalent,40-50%,35-55,0,60,Y,Distinction,0.0,72.6,3201.0,20.79,154.0
EEE,2014J,650734,M,North Western Region,A Level or Equivalent,50-60%,0-35,0,60,N,Pass,0.0,70.6,835.0,18.56,45.0
EEE,2014J,650752,M,East Midlands Region,A Level or Equivalent,90-100%,0-35,0,30,N,Fail,3.0,47.8,311.0,12.44,25.0
EEE,2014J,650770,M,South Region,A Level or Equivalent,90-100%,0-35,0,60,N,Distinction,0.0,68.4,1249.0,19.52,64.0
EEE,2014J,650816,M,Wales,A Level or Equivalent,10-20%,0-35,0,60,N,Pass,1.0,59.2,988.0,28.23,35.0
EEE,2014J,650849,F,Scotland,HE Qualification,70-80%,0-35,0,60,N,Withdrawn,0.0,28.4,232.0,19.33,12.0
EEE,2014J,650856,M,London Region,Lower Than A Level,30-40%,0-35,0,120,N,Distinction,1.0,78.8,1462.0,20.59,71.0
EEE,2014J,650926,M,North Region,Lower Than A Level,70-80%,0-35,0,60,N,Pass,0.0,75.0,2444.0,17.21,142.0
EEE,2014J,650927,M,Scotland,A Level or Equivalent,50-60%,0-35,0,90,N,Distinction,0.0,72.0,1736.0,25.91,67.0
EEE,2014J,650950,M,Scotland,HE Qualification,40-50%,35-55,0,30,N,Fail,1.0,33.0,1041.0,32.53,32.0
EEE,2014J,650987,M,East Anglian Region,A Level or Equivalent,70-80%,0-35,0,60,N,Pass,2.0,33.0,417.0,10.97,38.0
EEE,2014J,651015,M,South East Region,A Level or Equivalent,50-60%,0-35,0,30,N,Pass,0.0,67.4,1327.0,30.16,44.0
EEE,2014J,651155,M,East Anglian Region,Lower Than A Level,10-20%,0-35,0,60,N,Distinction,0.0,72.0,1680.0,15.56,108.0
EEE,2014J,651245,M,Scotland,Lower Than A Level,20-30%,35-55,0,60,N,Pass,0.0,76.8,1523.0,21.45,71.0
EEE,2014J,651337,M,North Western Region,A Level or Equivalent,20-30%,0-35,0,60,N,Pass,0.0,66.6,2073.0,18.85,110.0
EEE,2014J,651533,M,South Region,Lower Than A Level,70-80%,0-35,0,60,N,Distinction,0.0,78.4,5059.0,23.0,220.0
EEE,2014J,651534,M,Scotland,HE Qualification,30-40%,0-35,0,30,N,Pass,0.0,75.4,2674.0,25.96,103.0
EEE,2014J,651635,M,South Region,A Level or Equivalent,80-90%,0-35,0,60,Y,Pass,0.0,60.4,1543.0,17.53,88.0
EEE,2014J,651648,M,North Western Region,A Level or Equivalent,50-60%,35-55,0,60,N,Pass,0.0,66.6,1910.0,18.19,105.0
EEE,2014J,651734,M,South East Region,Lower Than A Level,20-30%,0-35,0,120,N,Fail,0.0,38.0,587.0,24.46,24.0
EEE,2014J,651766,M,East Anglian Region,Lower Than A Level,60-70%,0-35,0,60,N,Pass,1.0,56.6,1457.0,23.13,63.0
EEE,2014J,651828,M,Scotland,HE Qualification,60-70%,35-55,0,60,N,Distinction,0.0,72.0,4990.0,24.46,204.0
EEE,2014J,651850,M,East Anglian Region,A Level or Equivalent,80-90%,0-35,0,90,N,Pass,0.0,60.2,802.0,15.73,51.0
EEE,2014J,651930,M,South West Region,Lower Than A Level,60-70%,0-35,0,30,N,Distinction,0.0,71.4,3635.0,24.56,148.0
EEE,2014J,651933,M,East Midlands Region,A Level or Equivalent,30-40%,0-35,0,120,N,Pass,0.0,77.4,3296.0,27.02,122.0
EEE,2014J,651935,F,West Midlands Region,A Level or Equivalent,0-10%,0-35,0,120,N,Pass,0.0,64.4,1182.0,19.38,61.0
EEE,2014J,651950,M,North Western Region,Lower Than A Level,10-20%,0-35,0,60,N,Pass,1.0,46.4,821.0,14.4,57.0
EEE,2014J,651995,M,South Region,A Level or Equivalent,20-30%,0-35,0,90,N,Distinction,0.0,76.2,1890.0,15.12,125.0
EEE,2014J,652054,M,South East Region,HE Qualification,40-50%,35-55,0,60,N,Pass,1.0,72.0,1763.0,17.99,98.0
EEE,2014J,652285,M,North Region,HE Qualification,nan%,0-35,0,60,N,Distinction,0.0,75.2,3023.0,15.66,193.0
EEE,2014J,652287,M,North Region,Post Graduate Qualification,nan%,35-55,0,60,N,Withdrawn,1.0,34.2,1334.0,21.52,62.0
EEE,2014J,652302,M,Scotland,HE Qualification,70-80%,0-35,0,60,N,Pass,0.0,74.8,3130.0,25.87,121.0
EEE,2014J,652442,M,East Midlands Region,A Level or Equivalent,30-40%,35-55,0,60,N,Fail,0.0,35.4,873.0,17.12,51.0
EEE,2014J,652460,M,Scotland,A Level or Equivalent,90-100%,35-55,0,30,N,Pass,1.0,62.8,1703.0,22.12,77.0
EEE,2014J,652476,F,Scotland,HE Qualification,60-70%,0-35,0,120,N,Pass,0.0,68.6,883.0,18.79,47.0
EEE,2014J,652501,M,South West Region,A Level or Equivalent,30-40%,0-35,0,120,N,Pass,2.0,70.2,1601.0,13.23,121.0
EEE,2014J,652861,M,Scotland,HE Qualification,80-90%,0-35,0,60,N,Pass,0.0,49.0,793.0,20.87,38.0
EEE,2014J,652880,F,Scotland,HE Qualification,30-40%,0-35,0,60,N,Pass,0.0,65.8,1496.0,18.24,82.0
EEE,2014J,652894,M,North Region,A Level or Equivalent,30-40%,0-35,0,60,N,Fail,0.0,17.4,404.0,20.2,20.0
EEE,2014J,652902,M,London Region,HE Qualification,40-50%,0-35,0,120,N,Distinction,0.0,76.2,2659.0,19.55,136.0
EEE,2014J,652971,M,South East Region,A Level or Equivalent,30-40%,35-55,0,90,N,Distinction,0.0,72.8,1923.0,24.34,79.0
EEE,2014J,653168,M,West Midlands Region,Lower Than A Level,10-20%,0-35,0,120,N,Withdrawn,1.0,18.4,834.0,33.36,25.0
EEE,2014J,653177,F,West Midlands Region,HE Qualification,20-30%,35-55,0,90,N,Withdrawn,0.0,5.6,82.0,8.2,10.0
EEE,2014J,653210,M,South West Region,A Level or Equivalent,20-30%,35-55,0,60,N,Pass,1.0,69.8,1150.0,26.74,43.0
EEE,2014J,653248,M,South East Region,Lower Than A Level,70-80%,0-35,0,60,N,Withdrawn,1.0,61.6,1275.0,20.56,62.0
EEE,2014J,653326,M,Scotland,Lower Than A Level,70-80%,0-35,0,30,N,Fail,1.0,32.4,418.0,38.0,11.0
EEE,2014J,653352,M,South East Region,A Level or Equivalent,30-40%,0-35,0,90,N,Pass,1.0,43.2,495.0,14.56,34.0
EEE,2014J,653360,M,North Western Region,HE Qualification,10-20%,35-55,0,120,N,Withdrawn,0.0,15.2,905.0,19.67,46.0
EEE,2014J,653440,M,North Western Region,Lower Than A Level,50-60%,0-35,0,60,N,Pass,0.0,63.6,1401.0,18.93,74.0
EEE,2014J,653506,M,South East Region,Lower Than A Level,10-20%,0-35,0,90,N,Fail,0.0,27.6,250.0,19.23,13.0
EEE,2014J,653587,M,East Midlands Region,Lower Than A Level,80-90%,0-35,0,60,N,Distinction,0.0,70.6,791.0,16.48,48.0
EEE,2014J,653665,M,North Western Region,A Level or Equivalent,30-40%,0-35,0,30,N,Pass,0.0,57.6,1153.0,17.21,67.0
EEE,2014J,653688,M,North Western Region,A Level or Equivalent,50-60%,0-35,0,60,N,Pass,0.0,64.2,1827.0,15.62,117.0
EEE,2014J,653718,M,Scotland,A Level or Equivalent,70-80%,0-35,0,60,N,Distinction,1.0,73.8,1677.0,19.28,87.0
EEE,2014J,653801,M,North Western Region,Lower Than A Level,0-10%,0-35,0,60,N,Pass,1.0,72.6,2093.0,18.2,115.0
EEE,2014J,653887,M,Scotland,HE Qualification,80-90%,0-35,0,60,N,Pass,1.0,66.4,1100.0,23.4,47.0
EEE,2014J,653998,M,Scotland,Lower Than A Level,60-70%,0-35,0,60,N,Pass,0.0,54.8,1429.0,29.77,48.0
EEE,2014J,654031,M,North Region,A Level or Equivalent,nan%,35-55,0,60,Y,Pass,0.0,72.2,1164.0,17.12,68.0
EEE,2014J,654125,M,West Midlands Region,A Level or Equivalent,10-20%,0-35,0,30,N,Fail,0.0,36.0,657.0,19.32,34.0
EEE,2014J,654198,M,South Region,Lower Than A Level,30-40%,0-35,0,30,N,Pass,0.0,67.0,2258.0,33.21,68.0
EEE,2014J,654213,M,West Midlands Region,A Level or Equivalent,60-70%,0-35,0,60,N,Pass,0.0,65.8,1196.0,23.0,52.0
EEE,2014J,654240,M,North Western Region,A Level or Equivalent,60-70%,0-35,0,60,N,Distinction,1.0,72.4,2279.0,33.51,68.0
EEE,2014J,654397,M,South Region,A Level or Equivalent,90-100%,0-35,0,60,N,Pass,0.0,71.6,885.0,14.75,60.0
EEE,2014J,654464,M,North Western Region,Lower Than A Level,30-40%,0-35,0,60,N,Withdrawn,1.0,10.4,122.0,17.43,7.0
EEE,2014J,654485,F,Ireland,A Level or Equivalent,10-20%,0-35,0,60,N,Pass,0.0,57.0,1903.0,20.91,91.0
EEE,2014J,654547,M,London Region,HE Qualification,20-30%,35-55,0,60,N,Pass,3.0,60.4,1782.0,22.28,80.0
EEE,2014J,654668,M,London Region,Lower Than A Level,10-20%,0-35,0,60,N,Pass,0.0,68.6,1451.0,13.19,110.0
EEE,2014J,654676,M,North Western Region,A Level or Equivalent,0-10%,0-35,0,60,N,Pass,1.0,68.6,1689.0,19.87,85.0
EEE,2014J,654755,M,London Region,A Level or Equivalent,20-30%,0-35,0,60,N,Withdrawn,1.0,9.4,60.0,6.67,9.0
EEE,2014J,654801,M,Scotland,HE Qualification,70-80%,35-55,0,60,N,Pass,0.0,72.4,1775.0,18.88,94.0
EEE,2014J,654822,M,North Region,A Level or Equivalent,30-40%,35-55,0,60,N,Pass,0.0,72.0,2409.0,28.01,86.0
EEE,2014J,654876,M,Scotland,Lower Than A Level,90-100%,0-35,0,60,N,Withdrawn,1.0,10.6,182.0,22.75,8.0
EEE,2014J,654891,M,South Region,Lower Than A Level,20-30%,0-35,0,30,N,Pass,0.0,55.2,2578.0,17.3,149.0
EEE,2014J,655242,M,Wales,A Level or Equivalent,60-70%,0-35,0,60,N,Distinction,0.0,71.2,1147.0,17.38,66.0
EEE,2014J,655396,M,Scotland,HE Qualification,20-30%,35-55,0,60,N,Pass,0.0,63.4,1748.0,21.85,80.0
EEE,2014J,655484,M,East Anglian Region,A Level or Equivalent,10-20%,0-35,0,90,Y,Withdrawn,0.0,14.4,61.0,4.69,13.0
EEE,2014J,655498,F,South West Region,A Level or Equivalent,50-60%,0-35,0,120,N,Distinction,0.0,71.6,1990.0,17.93,111.0
EEE,2014J,655558,M,North Region,Lower Than A Level,20-30%,0-35,0,120,N,Withdrawn,1.0,14.0,285.0,21.92,13.0
EEE,2014J,655609,M,North Western Region,A Level or Equivalent,0-10%,0-35,0,60,N,Pass,1.0,58.6,1976.0,21.02,94.0
EEE,2014J,655680,M,Yorkshire Region,A Level or Equivalent,40-50%,0-35,0,60,N,Distinction,0.0,73.8,1413.0,14.42,98.0
EEE,2014J,655764,M,Scotland,HE Qualification,10-20%,0-35,0,60,N,Pass,0.0,76.2,2341.0,14.82,158.0
EEE,2014J,655794,M,South East Region,Lower Than A Level,90-100%,35-55,0,60,N,Distinction,0.0,76.0,2461.0,22.58,109.0
EEE,2014J,655865,M,Yorkshire Region,HE Qualification,10-20%,0-35,0,60,N,Pass,0.0,75.4,2491.0,13.25,188.0
EEE,2014J,655869,M,Scotland,HE Qualification,80-90%,0-35,0,60,N,Distinction,0.0,73.2,1605.0,18.88,85.0
EEE,2014J,655924,F,London Region,HE Qualification,50-60%,0-35,0,90,N,Distinction,2.0,68.0,2802.0,22.97,122.0
EEE,2014J,655973,M,East Anglian Region,A Level or Equivalent,90-100%,0-35,0,120,N,Pass,1.0,48.2,829.0,9.53,87.0
EEE,2014J,656010,M,Scotland,Lower Than A Level,40-50%,0-35,0,30,N,Pass,0.0,43.4,1153.0,22.17,52.0
EEE,2014J,656057,M,Scotland,HE Qualification,40-50%,0-35,0,60,N,Pass,2.0,65.0,2654.0,19.23,138.0
EEE,2014J,656134,M,South East Region,Lower Than A Level,50-60%,0-35,0,60,N,Distinction,0.0,70.8,1474.0,23.4,63.0
EEE,2014J,656347,M,North Region,No Formal quals,nan%,0-35,0,60,N,Pass,0.0,60.4,1388.0,17.57,79.0
EEE,2014J,656446,M,North Western Region,Lower Than A Level,60-70%,35-55,0,60,N,Pass,0.0,69.6,1170.0,19.18,61.0
EEE,2014J,656553,M,North Western Region,A Level or Equivalent,0-10%,0-35,0,60,N,Fail,2.0,36.0,2121.0,32.14,66.0
EEE,2014J,656578,M,Scotland,A Level or Equivalent,80-90%,0-35,0,60,N,Pass,1.0,62.4,1324.0,17.19,77.0
EEE,2014J,656815,M,Wales,Lower Than A Level,70-80%,0-35,0,60,N,Pass,0.0,73.4,1631.0,17.92,91.0
EEE,2014J,656854,M,Scotland,A Level or Equivalent,20-30%,0-35,0,60,N,Pass,0.0,48.4,1597.0,26.18,61.0
EEE,2014J,656929,F,London Region,A Level or Equivalent,10-20%,0-35,0,210,N,Fail,2.0,28.2,315.0,14.32,22.0
EEE,2014J,656954,M,North Western Region,Lower Than A Level,70-80%,0-35,0,90,N,Withdrawn,1.0,13.0,434.0,14.97,29.0
EEE,2014J,657002,M,Scotland,A Level or Equivalent,60-70%,0-35,0,60,N,Distinction,3.0,76.2,1429.0,13.36,107.0
EEE,2014J,657062,M,East Anglian Region,A Level or Equivalent,80-90%,0-35,0,60,N,Pass,0.0,68.0,2115.0,22.26,95.0
EEE,2014J,657091,M,East Anglian Region,Lower Than A Level,70-80%,35-55,0,60,N,Withdrawn,0.0,3.2,302.0,13.13,23.0
EEE,2014J,657128,M,West Midlands Region,Lower Than A Level,70-80%,35-55,0,30,N,Pass,2.0,69.0,1671.0,26.11,64.0
EEE,2014J,657194,M,Ireland,HE Qualification,nan%,35-55,0,60,N,Distinction,0.0,68.8,3255.0,22.14,147.0
EEE,2014J,657196,M,North Region,A Level or Equivalent,70-80%,0-35,0,60,N,Distinction,0.0,71.6,2113.0,25.15,84.0
EEE,2014J,657209,F,South West Region,A Level or Equivalent,20-30%,0-35,0,60,N,Withdrawn,0.0,56.6,1680.0,23.01,73.0
EEE,2014J,657226,M,Yorkshire Region,Lower Than A Level,70-80%,0-35,0,60,N,Pass,1.0,53.8,699.0,14.27,49.0
EEE,2014J,657319,M,East Anglian Region,Lower Than A Level,70-80%,35-55,0,180,N,Pass,0.0,66.2,1298.0,25.45,51.0
EEE,2014J,674253,M,West Midlands Region,A Level or Equivalent,60-70%,0-35,0,30,N,Pass,1.0,67.8,1470.0,20.14,73.0
EEE,2014J,674430,M,Wales,A Level or Equivalent,80-90%,0-35,0,60,Y,Pass,0.0,56.4,1305.0,24.17,54.0
EEE,2014J,674720,M,London Region,Lower Than A Level,30-40%,0-35,0,60,N,Fail,0.0,16.2,318.0,18.71,17.0
EEE,2014J,674747,M,Ireland,Lower Than A Level,nan%,0-35,0,90,N,Fail,2.0,38.2,1961.0,18.33,107.0
EEE,2014J,674808,F,Scotland,HE Qualification,40-50%,0-35,0,60,N,Pass,0.0,47.2,1023.0,23.79,43.0
EEE,2014J,674853,M,Scotland,Lower Than A Level,70-80%,0-35,0,60,N,Pass,1.0,64.6,1144.0,18.45,62.0
EEE,2014J,674882,M,Scotland,A Level or Equivalent,50-60%,0-35,0,60,N,Fail,1.0,53.0,492.0,11.44,43.0
EEE,2014J,674888,M,London Region,A Level or Equivalent,10-20%,0-35,0,60,N,Withdrawn,0.0,17.2,352.0,14.08,25.0
EEE,2014J,674889,M,Scotland,A Level or Equivalent,70-80%,0-35,0,60,N,Pass,0.0,64.0,654.0,13.35,49.0
EEE,2014J,674941,M,East Midlands Region,A Level or Equivalent,70-80%,0-35,0,60,N,Distinction,0.0,72.6,2139.0,15.73,136.0
EEE,2014J,675162,M,East Anglian Region,A Level or Equivalent,40-50%,0-35,0,60,N,Pass,1.0,65.6,937.0,29.28,32.0
EEE,2014J,675365,M,South Region,A Level or Equivalent,80-90%,0-35,0,60,N,Pass,1.0,71.4,2448.0,27.82,88.0
EEE,2014J,675374,M,South Region,HE Qualification,70-80%,35-55,0,60,N,Pass,0.0,71.4,1257.0,20.27,62.0
EEE,2014J,675442,M,North Region,Lower Than A Level,20-30%,0-35,0,60,N,Fail,0.0,12.4,290.0,36.25,8.0
EEE,2014J,675450,M,Wales,A Level or Equivalent,70-80%,0-35,0,90,N,Distinction,0.0,74.0,1911.0,30.33,63.0
EEE,2014J,675495,M,North Western Region,Lower Than A Level,30-40%,35-55,0,60,N,Withdrawn,0.0,49.0,393.0,12.68,31.0
EEE,2014J,675537,M,Scotland,HE Qualification,0-10%,0-35,0,60,N,Pass,0.0,59.6,1372.0,13.86,99.0
EEE,2014J,675663,M,Scotland,A Level or Equivalent,50-60%,0-35,0,30,N,Fail,1.0,63.4,765.0,20.68,37.0
EEE,2014J,675773,M,Yorkshire Region,A Level or Equivalent,20-30%,0-35,0,90,N,Pass,0.0,70.6,765.0,13.91,55.0
EEE,2014J,675840,M,South Region,A Level or Equivalent,90-100%,0-35,0,60,N,Pass,0.0,59.4,2571.0,19.48,132.0
EEE,2014J,676084,M,Scotland,HE Qualification,70-80%,0-35,0,30,N,Pass,0.0,67.8,1553.0,18.71,83.0
EEE,2014J,676333,M,Yorkshire Region,A Level or Equivalent,60-70%,0-35,0,60,N,Distinction,1.0,74.8,1728.0,25.04,69.0
EEE,2014J,676482,M,Scotland,HE Qualification,80-90%,0-35,0,60,N,Distinction,0.0,71.0,3555.0,19.53,182.0
EEE,2014J,676611,M,East Midlands Region,Lower Than A Level,80-90%,0-35,0,60,N,Pass,3.0,54.4,524.0,10.27,51.0
EEE,2014J,676676,M,Wales,A Level or Equivalent,40-50%,0-35,0,30,N,Pass,0.0,67.0,2439.0,25.41,96.0
EEE,2014J,676722,M,West Midlands Region,A Level or Equivalent,70-80%,0-35,0,60,N,Distinction,0.0,73.6,2159.0,20.96,103.0
EEE,2014J,676724,M,Scotland,A Level or Equivalent,50-60%,0-35,0,30,N,Pass,0.0,66.4,1461.0,24.35,60.0
EEE,2014J,676805,M,Scotland,A Level or Equivalent,60-70%,0-35,0,30,N,Pass,0.0,69.8,1997.0,24.65,81.0
EEE,2014J,676812,M,Scotland,A Level or Equivalent,60-70%,0-35,0,30,N,Fail,0.0,25.0,271.0,18.07,15.0
EEE,2014J,676834,F,Scotland,A Level or Equivalent,20-30%,0-35,0,30,N,Pass,0.0,76.6,3802.0,33.95,112.0
EEE,2014J,677018,M,London Region,A Level or Equivalent,10-20%,0-35,0,120,N,Pass,0.0,72.2,1433.0,17.48,82.0
EEE,2014J,677040,M,Yorkshire Region,Lower Than A Level,50-60%,0-35,0,60,N,Pass,0.0,72.8,1618.0,17.98,90.0
EEE,2014J,677049,M,Scotland,A Level or Equivalent,10-20%,0-35,0,30,N,Fail,0.0,27.0,112.0,12.44,9.0
EEE,2014J,677189,F,Scotland,HE Qualification,70-80%,0-35,0,60,N,Pass,0.0,68.2,2571.0,20.9,123.0
EEE,2014J,677197,M,Scotland,Lower Than A Level,0-10%,0-35,0,60,N,Fail,0.0,57.2,1855.0,28.98,64.0
EEE,2014J,677232,M,North Western Region,HE Qualification,30-40%,35-55,0,30,N,Fail,0.0,31.6,1282.0,29.14,44.0
EEE,2014J,677457,F,South Region,A Level or Equivalent,80-90%,0-35,0,60,N,Pass,2.0,56.0,1359.0,30.2,45.0
EEE,2014J,677459,M,Scotland,HE Qualification,40-50%,0-35,0,120,N,Pass,1.0,65.2,2180.0,25.95,84.0
EEE,2014J,677631,M,South Region,A Level or Equivalent,30-40%,0-35,0,60,N,Withdrawn,2.0,27.4,243.0,9.35,26.0
EEE,2014J,677741,M,South Region,A Level or Equivalent,70-80%,0-35,0,60,N,Pass,0.0,73.2,1552.0,12.32,126.0
EEE,2014J,677897,F,Scotland,HE Qualification,70-80%,0-35,0,150,N,Pass,0.0,59.2,1218.0,18.45,66.0
EEE,2014J,677900,M,Scotland,A Level or Equivalent,80-90%,0-35,0,60,N,Distinction,0.0,70.0,2124.0,21.03,101.0
EEE,2014J,677947,M,East Anglian Region,A Level or Equivalent,80-90%,0-35,0,60,Y,Fail,0.0,46.4,743.0,27.52,27.0
EEE,2014J,678015,M,South West Region,A Level or Equivalent,50-60%,0-35,0,60,N,Pass,0.0,69.8,2120.0,19.63,108.0
EEE,2014J,678026,F,Scotland,A Level or Equivalent,0-10%,0-35,0,60,N,Pass,1.0,49.4,837.0,12.88,65.0
EEE,2014J,678194,M,Wales,A Level or Equivalent,90-100%,35-55,0,60,N,Distinction,0.0,74.6,3115.0,31.79,98.0
EEE,2014J,678267,M,East Midlands Region,A Level or Equivalent,60-70%,0-35,0,60,N,Pass,2.0,52.4,1229.0,19.82,62.0
EEE,2014J,678310,M,Yorkshire Region,Lower Than A Level,50-60%,0-35,0,120,N,Withdrawn,0.0,18.8,448.0,14.45,31.0
EEE,2014J,678341,M,East Anglian Region,A Level or Equivalent,50-60%,0-35,0,90,N,Distinction,0.0,75.2,5208.0,23.25,224.0
EEE,2014J,678393,M,Scotland,HE Qualification,30-40%,0-35,0,60,N,Fail,1.0,37.2,638.0,17.24,37.0
EEE,2014J,678419,M,East Anglian Region,HE Qualification,80-90%,0-35,0,60,N,Pass,1.0,69.0,1069.0,19.8,54.0
EEE,2014J,678508,F,South Region,Lower Than A Level,30-40%,0-35,0,60,N,Distinction,0.0,74.2,3210.0,23.96,134.0
EEE,2014J,678538,M,Wales,Lower Than A Level,40-50%,0-35,0,90,N,Pass,0.0,68.2,3142.0,24.74,127.0
EEE,2014J,678701,F,Scotland,A Level or Equivalent,70-80%,0-35,0,30,N,Pass,1.0,70.2,803.0,15.44,52.0
EEE,2014J,678715,F,Yorkshire Region,A Level or Equivalent,50-60%,0-35,0,90,N,Pass,1.0,57.8,1222.0,17.97,68.0
EEE,2014J,678860,M,East Anglian Region,HE Qualification,30-40%,35-55,0,60,N,Withdrawn,0.0,53.8,2058.0,34.3,60.0
EEE,2014J,678929,M,Ireland,Lower Than A Level,80-90%,0-35,0,90,N,Distinction,0.0,74.0,2947.0,21.99,134.0
EEE,2014J,678970,F,Scotland,A Level or Equivalent,50-60%,0-35,0,30,N,Pass,0.0,73.8,961.0,25.29,38.0
EEE,2014J,679114,F,West Midlands Region,A Level or Equivalent,40-50%,0-35,0,120,N,Pass,0.0,62.2,1772.0,19.91,89.0
EEE,2014J,679207,M,North Western Region,Lower Than A Level,30-40%,35-55,0,90,N,Pass,0.0,69.2,2177.0,20.93,104.0
EEE,2014J,679541,M,Scotland,HE Qualification,90-100%,0-35,0,60,N,Pass,1.0,59.8,622.0,16.37,38.0
EEE,2014J,679569,M,Scotland,HE Qualification,nan%,0-35,0,60,N,Distinction,0.0,72.6,646.0,17.0,38.0
EEE,2014J,679631,M,North Region,Lower Than A Level,40-50%,0-35,0,60,N,Pass,0.0,65.2,2797.0,24.75,113.0
EEE,2014J,679801,M,East Anglian Region,A Level or Equivalent,80-90%,0-35,0,60,N,Pass,0.0,65.8,2473.0,21.14,117.0
EEE,2014J,680133,F,Scotland,HE Qualification,90-100%,0-35,0,60,N,Distinction,0.0,73.6,1442.0,19.75,73.0
EEE,2014J,680267,M,Scotland,A Level or Equivalent,30-40%,35-55,0,60,N,Pass,1.0,60.6,743.0,13.04,57.0
EEE,2014J,680442,M,Scotland,Lower Than A Level,60-70%,0-35,0,120,N,Withdrawn,0.0,19.4,387.0,22.76,17.0
EEE,2014J,680483,M,Scotland,Lower Than A Level,60-70%,0-35,0,60,N,Pass,0.0,70.2,1904.0,17.15,111.0
EEE,2014J,680644,M,South East Region,HE Qualification,50-60%,0-35,0,60,N,Pass,0.0,74.4,3250.0,17.47,186.0
EEE,2014J,680765,F,London Region,Lower Than A Level,10-20%,0-35,0,120,N,Pass,0.0,51.8,1491.0,11.38,131.0
EEE,2014J,680804,M,South West Region,HE Qualification,40-50%,0-35,0,60,N,Pass,2.0,70.2,1416.0,17.48,81.0
EEE,2014J,680894,M,Scotland,HE Qualification,30-40%,0-35,0,30,N,Pass,1.0,58.6,778.0,20.47,38.0
EEE,2014J,681001,F,Scotland,HE Qualification,40-50%,35-55,0,60,Y,Distinction,0.0,77.4,4939.0,28.72,172.0
EEE,2014J,681200,M,Wales,Lower Than A Level,10-20%,0-35,0,60,N,Pass,0.0,70.8,3603.0,21.7,166.0
EEE,2014J,681302,M,North Western Region,HE Qualification,20-30%,0-35,0,60,N,Pass,0.0,61.0,546.0,16.06,34.0
EEE,2014J,681327,M,Scotland,Lower Than A Level,30-40%,0-35,0,60,N,Pass,1.0,66.2,808.0,14.69,55.0
EEE,2014J,681369,M,South Region,A Level or Equivalent,60-70%,0-35,0,60,N,Distinction,0.0,74.0,2250.0,15.85,142.0
EEE,2014J,681379,F,Wales,Lower Than A Level,20-30%,0-35,0,60,N,Fail,2.0,32.2,879.0,24.42,36.0
EEE,2014J,681416,F,Scotland,A Level or Equivalent,60-70%,0-35,0,90,N,Pass,2.0,60.2,2876.0,21.95,131.0
EEE,2014J,681759,M,South East Region,A Level or Equivalent,80-90%,0-35,0,60,N,Withdrawn,0.0,32.8,511.0,21.29,24.0
EEE,2014J,681861,M,South Region,A Level or Equivalent,40-50%,0-35,0,60,N,Withdrawn,0.0,34.2,1536.0,23.27,66.0
EEE,2014J,682217,M,East Midlands Region,Lower Than A Level,50-60%,0-35,0,60,N,Withdrawn,2.0,19.8,306.0,18.0,17.0
EEE,2014J,682239,M,Scotland,HE Qualification,60-70%,0-35,0,60,N,Pass,0.0,70.4,1660.0,14.43,115.0
EEE,2014J,682259,M,Wales,A Level or Equivalent,20-30%,0-35,0,60,N,Pass,1.0,35.6,411.0,12.45,33.0
EEE,2014J,682355,M,South Region,A Level or Equivalent,90-100%,0-35,0,90,N,Pass,0.0,71.2,1240.0,17.97,69.0
EEE,2014J,682717,M,Scotland,HE Qualification,20-30%,35-55,0,150,N,Fail,0.0,34.0,399.0,12.47,32.0
EEE,2014J,682758,F,Scotland,A Level or Equivalent,70-80%,0-35,0,120,N,Fail,0.0,35.4,262.0,11.39,23.0
EEE,2014J,683079,M,North Western Region,Lower Than A Level,10-20%,35-55,0,30,N,Pass,3.0,66.2,2151.0,20.1,107.0
EEE,2014J,683246,M,Yorkshire Region,A Level or Equivalent,80-90%,0-35,0,60,N,Fail,1.0,13.6,284.0,13.52,21.0
EEE,2014J,683270,M,Yorkshire Region,A Level or Equivalent,10-20%,35-55,0,30,N,Pass,2.0,71.2,2865.0,22.04,130.0
EEE,2014J,683492,M,Wales,Lower Than A Level,40-50%,35-55,0,60,N,Fail,0.0,62.2,2857.0,29.45,97.0
EEE,2014J,683640,M,East Anglian Region,Lower Than A Level,80-90%,35-55,0,60,N,Withdrawn,0.0,37.8,638.0,21.27,30.0
EEE,2014J,683728,M,North Region,A Level or Equivalent,40-50%,35-55,0,60,N,Pass,0.0,76.0,1507.0,19.32,78.0
EEE,2014J,684050,M,East Midlands Region,HE Qualification,70-80%,35-55,0,60,N,Distinction,0.0,75.6,2466.0,19.73,125.0
EEE,2014J,684064,M,South West Region,A Level or Equivalent,80-90%,0-35,0,60,N,Pass,1.0,62.6,1706.0,19.17,89.0
EEE,2014J,684225,M,South Region,A Level or Equivalent,80-90%,0-35,0,60,N,Pass,3.0,63.6,1016.0,14.51,70.0
EEE,2014J,684357,M,London Region,A Level or Equivalent,90-100%,0-35,0,60,N,Distinction,0.0,76.0,3039.0,35.75,85.0
EEE,2014J,684473,F,London Region,A Level or Equivalent,40-50%,0-35,0,90,N,Withdrawn,1.0,27.4,1117.0,16.19,69.0
EEE,2014J,684504,M,London Region,HE Qualification,30-40%,35-55,0,30,N,Pass,3.0,55.0,1195.0,19.92,60.0
EEE,2014J,684511,M,West Midlands Region,Lower Than A Level,0-10%,0-35,0,90,N,Pass,2.0,66.0,859.0,17.9,48.0
EEE,2014J,684532,M,London Region,Lower Than A Level,40-50%,35-55,0,30,N,Pass,0.0,69.4,3168.0,19.2,165.0
EEE,2014J,684567,M,West Midlands Region,HE Qualification,20-30%,0-35,0,60,N,Pass,1.0,71.2,982.0,10.23,96.0
EEE,2014J,684610,M,South Region,HE Qualification,10-20%,0-35,0,60,N,Pass,0.0,60.2,2471.0,17.91,138.0
EEE,2014J,684669,M,North Region,HE Qualification,nan%,0-35,0,90,N,Pass,0.0,49.8,1826.0,16.16,113.0
EEE,2014J,684825,M,Scotland,HE Qualification,80-90%,0-35,0,90,N,Pass,0.0,65.2,2013.0,18.3,110.0
EEE,2014J,684905,M,Yorkshire Region,A Level or Equivalent,20-30%,0-35,0,60,N,Distinction,0.0,68.6,1463.0,12.4,118.0
EEE,2014J,684907,M,East Midlands Region,Lower Than A Level,50-60%,0-35,0,60,N,Pass,0.0,69.4,1889.0,22.76,83.0
EEE,2014J,684944,M,West Midlands Region,Lower Than A Level,0-10%,0-35,0,90,N,Fail,0.0,17.2,243.0,27.0,9.0
EEE,2014J,684967,M,Scotland,A Level or Equivalent,10-20%,0-35,0,30,N,Fail,0.0,52.4,1261.0,15.76,80.0
EEE,2014J,685060,M,South Region,Lower Than A Level,40-50%,0-35,0,60,N,Pass,0.0,62.8,1166.0,18.81,62.0
EEE,2014J,685152,M,South Region,A Level or Equivalent,10-20%,0-35,0,90,N,Pass,0.0,67.4,1517.0,25.28,60.0
EEE,2014J,685176,F,North Western Region,Lower Than A Level,20-30%,0-35,0,60,N,Fail,2.0,46.2,663.0,20.72,32.0
EEE,2014J,685199,M,Yorkshire Region,Lower Than A Level,50-60%,35-55,0,60,N,Pass,0.0,73.0,1452.0,18.86,77.0
EEE,2014J,685236,M,Wales,HE Qualification,70-80%,0-35,0,60,N,Withdrawn,0.0,41.4,724.0,16.84,43.0
EEE,2014J,685284,M,Ireland,HE Qualification,0-10%,35-55,0,60,N,Pass,0.0,71.4,1343.0,11.29,119.0
EEE,2014J,685287,M,South West Region,HE Qualification,60-70%,0-35,0,60,N,Pass,0.0,72.0,1229.0,15.56,79.0
EEE,2014J,685292,M,London Region,Lower Than A Level,20-30%,35-55,0,120,N,Pass,2.0,36.8,1420.0,22.19,64.0
EEE,2014J,685370,M,South East Region,HE Qualification,60-70%,0-35,0,60,N,Pass,0.0,68.8,1566.0,17.02,92.0
EEE,2014J,685487,F,South West Region,Lower Than A Level,20-30%,35-55,0,60,Y,Distinction,1.0,72.6,2963.0,21.63,137.0
EEE,2014J,685499,M,London Region,A Level or Equivalent,60-70%,0-35,0,60,N,Distinction,1.0,70.4,1737.0,15.94,109.0
EEE,2014J,685517,M,Scotland,Lower Than A Level,30-40%,0-35,0,60,N,Distinction,0.0,74.0,2759.0,14.45,191.0
EEE,2014J,685668,M,Scotland,A Level or Equivalent,60-70%,0-35,0,60,N,Pass,0.0,76.4,2421.0,17.67,137.0
EEE,2014J,685804,M,East Midlands Region,HE Qualification,30-40%,35-55,0,60,N,Fail,4.0,38.8,280.0,8.75,32.0
EEE,2014J,685950,M,Scotland,Lower Than A Level,30-40%,0-35,0,120,N,Pass,3.0,57.0,3867.0,35.81,108.0
EEE,2014J,686051,M,North Region,Lower Than A Level,70-80%,35-55,0,60,N,Pass,0.0,67.4,1510.0,18.41,82.0
EEE,2014J,686058,F,North Region,Lower Than A Level,nan%,35-55,0,120,N,Distinction,0.0,76.4,3574.0,30.81,116.0
EEE,2014J,686110,M,North Region,Lower Than A Level,nan%,0-35,0,120,N,Pass,0.0,63.2,1520.0,15.67,97.0
EEE,2014J,686287,M,Yorkshire Region,A Level or Equivalent,40-50%,0-35,0,60,N,Fail,1.0,39.8,1266.0,23.44,54.0
EEE,2014J,686447,M,South East Region,Lower Than A Level,80-90%,0-35,0,60,N,Pass,1.0,67.4,2576.0,25.76,100.0
EEE,2014J,686476,F,London Region,Lower Than A Level,10-20%,35-55,0,60,N,Pass,1.0,48.8,974.0,18.38,53.0
EEE,2014J,686525,M,North Western Region,HE Qualification,50-60%,0-35,0,60,N,Pass,0.0,70.6,1873.0,23.71,79.0
EEE,2014J,686564,M,Scotland,A Level or Equivalent,20-30%,0-35,0,60,N,Distinction,0.0,75.0,3440.0,22.78,151.0
EEE,2014J,686593,M,London Region,Lower Than A Level,50-60%,0-35,0,60,N,Distinction,0.0,71.6,3049.0,22.92,133.0
EEE,2014J,686708,F,South East Region,A Level or Equivalent,0-10%,0-35,0,60,N,Pass,0.0,61.0,1508.0,13.83,109.0
EEE,2014J,686753,M,West Midlands Region,A Level or Equivalent,90-100%,0-35,0,60,N,Pass,0.0,73.0,1742.0,19.36,90.0
EEE,2014J,686872,M,North Region,HE Qualification,nan%,0-35,0,60,N,Distinction,0.0,75.0,3438.0,26.24,131.0
EEE,2014J,686913,M,Scotland,Lower Than A Level,80-90%,0-35,0,60,N,Pass,0.0,54.6,580.0,15.26,38.0
EEE,2014J,687023,F,London Region,A Level or Equivalent,0-10%,0-35,0,120,N,Pass,1.0,54.2,601.0,12.79,47.0
EEE,2014J,687194,M,Yorkshire Region,A Level or Equivalent,50-60%,0-35,0,60,N,Fail,1.0,57.6,567.0,18.29,31.0
EEE,2014J,687242,M,North Region,HE Qualification,nan%,0-35,0,60,N,Pass,1.0,72.8,1770.0,20.82,85.0
EEE,2014J,687310,M,South Region,HE Qualification,90-100%,35-55,0,60,N,Fail,0.0,36.2,597.0,18.09,33.0
EEE,2014J,687370,M,Scotland,HE Qualification,80-90%,0-35,0,60,N,Pass,0.0,56.6,1711.0,16.3,105.0
EEE,2014J,687498,M,Scotland,Post Graduate Qualification,80-90%,0-35,0,30,N,Withdrawn,0.0,19.6,395.0,11.62,34.0
EEE,2014J,687563,M,Scotland,HE Qualification,10-20%,0-35,0,60,N,Pass,0.0,72.2,4070.0,35.39,115.0
EEE,2014J,687574,M,London Region,A Level or Equivalent,50-60%,0-35,0,60,N,Pass,0.0,71.4,2216.0,21.51,103.0
EEE,2014J,687757,M,East Anglian Region,HE Qualification,60-70%,0-35,0,30,N,Pass,0.0,67.0,1976.0,16.07,123.0
EEE,2014J,687766,M,Ireland,Lower Than A Level,nan%,0-35,0,60,N,Pass,0.0,56.8,1326.0,22.1,60.0
EEE,2014J,687772,M,North Region,A Level or Equivalent,70-80%,0-35,0,60,N,Distinction,0.0,78.0,2452.0,15.04,163.0
EEE,2014J,687844,F,South West Region,HE Qualification,30-40%,0-35,0,90,N,Pass,0.0,72.2,1412.0,11.87,119.0
EEE,2014J,687945,M,Scotland,A Level or Equivalent,10-20%,0-35,0,60,N,Distinction,0.0,69.2,3180.0,26.5,120.0
EEE,2014J,688118,M,Scotland,A Level or Equivalent,90-100%,0-35,0,60,N,Pass,0.0,70.6,1781.0,19.15,93.0
EEE,2014J,688133,M,Yorkshire Region,A Level or Equivalent,10-20%,0-35,0,60,N,Distinction,0.0,78.0,3998.0,17.54,228.0
EEE,2014J,688287,M,East Anglian Region,A Level or Equivalent,70-80%,0-35,0,60,N,Pass,2.0,61.0,1375.0,30.56,45.0
EEE,2014J,688310,M,North Western Region,A Level or Equivalent,70-80%,0-35,0,60,N,Pass,0.0,55.4,2655.0,36.37,73.0
EEE,2014J,688404,M,East Anglian Region,Lower Than A Level,20-30%,0-35,0,30,N,Withdrawn,1.0,12.2,453.0,26.65,17.0
EEE,2014J,688451,M,North Region,Post Graduate Qualification,nan%,0-35,0,60,N,Distinction,0.0,75.2,2596.0,19.67,132.0
EEE,2014J,688662,M,South Region,Lower Than A Level,60-70%,0-35,0,60,N,Distinction,0.0,75.6,3253.0,21.83,149.0
EEE,2014J,688683,M,North Region,A Level or Equivalent,40-50%,0-35,0,150,N,Fail,1.0,14.8,508.0,25.4,20.0
EEE,2014J,688742,M,South West Region,Lower Than A Level,60-70%,0-35,0,60,N,Pass,1.0,67.0,1223.0,18.25,67.0
EEE,2014J,688763,M,North Region,A Level or Equivalent,30-40%,0-35,0,30,N,Withdrawn,0.0,47.2,1378.0,34.45,40.0
EEE,2014J,688870,M,Scotland,Lower Than A Level,50-60%,35-55,0,30,N,Fail,0.0,54.0,1005.0,22.33,45.0
EEE,2014J,688924,M,Wales,A Level or Equivalent,60-70%,0-35,0,60,N,Pass,0.0,75.2,766.0,15.63,49.0
EEE,2014J,688974,M,Scotland,A Level or Equivalent,40-50%,0-35,0,30,Y,Fail,1.0,12.6,99.0,19.8,5.0
EEE,2014J,689161,M,Scotland,HE Qualification,30-40%,35-55,0,30,N,Pass,1.0,69.8,1651.0,27.07,61.0
EEE,2014J,689217,M,Scotland,HE Qualification,80-90%,0-35,0,60,N,Pass,0.0,67.2,1325.0,22.84,58.0
EEE,2014J,689250,F,Scotland,A Level or Equivalent,90-100%,0-35,0,30,N,Distinction,2.0,74.8,4133.0,31.08,133.0
EEE,2014J,689288,M,East Midlands Region,Lower Than A Level,10-20%,0-35,0,60,N,Pass,1.0,66.2,1911.0,16.62,115.0
EEE,2014J,689309,M,North Region,Lower Than A Level,nan%,0-35,0,90,N,Fail,1.0,45.4,1635.0,17.58,93.0
EEE,2014J,689370,M,London Region,Lower Than A Level,20-30%,0-35,0,60,N,Pass,0.0,74.6,1662.0,17.13,97.0
EEE,2014J,689389,M,North Western Region,A Level or Equivalent,60-70%,0-35,0,60,N,Pass,0.0,66.6,1702.0,18.3,93.0
EEE,2014J,689763,F,Scotland,A Level or Equivalent,0-10%,0-35,0,180,N,Fail,1.0,42.2,889.0,12.18,73.0
EEE,2014J,689786,M,South East Region,Lower Than A Level,60-70%,35-55,0,60,N,Withdrawn,0.0,39.0,530.0,17.67,30.0
EEE,2014J,689840,M,Scotland,A Level or Equivalent,80-90%,35-55,0,60,N,Pass,0.0,74.2,4792.0,25.63,187.0
EEE,2014J,689983,M,South West Region,Lower Than A Level,30-40%,0-35,0,60,N,Distinction,0.0,72.6,2315.0,24.11,96.0
EEE,2014J,690016,M,Yorkshire Region,HE Qualification,50-60%,0-35,0,60,N,Pass,0.0,69.6,791.0,15.82,50.0
EEE,2014J,690095,M,East Anglian Region,Lower Than A Level,60-70%,35-55,0,60,N,Distinction,0.0,74.0,3408.0,31.85,107.0
EEE,2014J,690241,F,Scotland,HE Qualification,80-90%,0-35,0,240,N,Distinction,0.0,70.2,2824.0,20.92,135.0
EEE,2014J,690370,M,East Midlands Region,Lower Than A Level,50-60%,0-35,0,60,N,Pass,0.0,63.8,1039.0,15.51,67.0
EEE,2014J,690439,M,North Region,Lower Than A Level,nan%,0-35,0,90,N,Fail,0.0,7.8,290.0,16.11,18.0
EEE,2014J,690507,M,Scotland,A Level or Equivalent,80-90%,35-55,0,60,N,Pass,1.0,74.6,1151.0,15.14,76.0
EEE,2014J,690525,M,North Region,Lower Than A Level,nan%,35-55,0,60,N,Pass,1.0,69.8,3391.0,23.23,146.0
EEE,2014J,690553,M,Wales,HE Qualification,60-70%,0-35,0,30,N,Pass,0.0,62.6,855.0,11.88,72.0
EEE,2014J,690586,M,South West Region,A Level or Equivalent,50-60%,0-35,0,60,N,Pass,0.0,70.0,2592.0,16.41,158.0
EEE,2014J,690724,M,West Midlands Region,No Formal quals,30-40%,0-35,0,90,N,Pass,1.0,68.4,1770.0,28.1,63.0
EEE,2014J,690763,M,South Region,Lower Than A Level,40-50%,0-35,0,60,N,Withdrawn,0.0,10.0,413.0,25.81,16.0
EEE,2014J,690917,M,East Anglian Region,HE Qualification,60-70%,0-35,0,120,N,Distinction,0.0,73.6,1906.0,22.69,84.0
EEE,2014J,691078,M,Wales,Lower Than A Level,70-80%,35-55,0,30,N,Pass,0.0,65.2,1015.0,21.6,47.0
EEE,2014J,691189,M,Ireland,Lower Than A Level,10-20%,0-35,0,30,N,Pass,0.0,71.0,3194.0,24.38,131.0
EEE,2014J,691218,M,South West Region,Lower Than A Level,10-20%,35-55,0,60,N,Pass,0.0,58.8,647.0,17.03,38.0
EEE,2014J,691248,M,Scotland,Lower Than A Level,90-100%,0-35,0,60,N,Fail,0.0,50.0,955.0,13.64,70.0
EEE,2014J,691536,M,South Region,Lower Than A Level,50-60%,0-35,0,60,N,Pass,0.0,72.0,3278.0,24.65,133.0
EEE,2014J,691701,M,North Western Region,A Level or Equivalent,0-10%,0-35,0,30,N,Fail,1.0,41.8,1058.0,11.63,91.0
EEE,2014J,691790,F,South East Region,A Level or Equivalent,30-40%,35-55,0,30,N,Pass,0.0,71.0,1878.0,36.82,51.0
EEE,2014J,691875,M,Wales,A Level or Equivalent,50-60%,35-55,0,60,N,Pass,0.0,70.6,2692.0,29.91,90.0
EEE,2014J,691978,M,Scotland,A Level or Equivalent,0-10%,0-35,0,30,Y,Withdrawn,0.0,0.0,196.0,14.0,14.0
EEE,2014J,692012,F,Scotland,A Level or Equivalent,90-100%,0-35,0,30,N,Fail,0.0,18.0,533.0,21.32,25.0
EEE,2014J,692354,M,South West Region,A Level or Equivalent,60-70%,0-35,0,60,N,Pass,2.0,55.2,360.0,13.85,26.0
EEE,2014J,692534,M,London Region,Lower Than A Level,0-10%,0-35,0,60,N,Pass,0.0,66.4,1141.0,10.01,114.0
EEE,2014J,692646,M,Yorkshire Region,HE Qualification,30-40%,0-35,0,30,N,Pass,0.0,61.4,3175.0,35.67,89.0
EEE,2014J,692723,M,West Midlands Region,Lower Than A Level,30-40%,0-35,0,30,N,Withdrawn,0.0,19.6,517.0,27.21,19.0
EEE,2014J,692924,M,Scotland,A Level or Equivalent,30-40%,0-35,0,60,N,Distinction,0.0,71.8,2279.0,23.74,96.0
EEE,2014J,692928,M,Ireland,HE Qualification,nan%,35-55,0,60,N,Pass,0.0,73.0,2426.0,22.26,109.0
EEE,2014J,692991,M,West Midlands Region,A Level or Equivalent,40-50%,35-55,0,60,N,Pass,0.0,65.8,2537.0,21.87,116.0
EEE,2014J,693069,M,Yorkshire Region,HE Qualification,50-60%,35-55,0,60,N,Pass,0.0,66.4,2102.0,23.1,91.0
EEE,2014J,693221,M,South East Region,Lower Than A Level,0-10%,0-35,0,60,N,Distinction,0.0,72.0,1926.0,19.26,100.0
EEE,2014J,693235,F,South Region,A Level or Equivalent,20-30%,35-55,0,60,N,Pass,0.0,71.0,3128.0,25.43,123.0
EEE,2014J,693308,F,North Western Region,Lower Than A Level,0-10%,0-35,0,60,N,Pass,1.0,42.0,574.0,11.04,52.0
EEE,2014J,693416,M,Scotland,A Level or Equivalent,70-80%,0-35,0,30,N,Pass,0.0,64.6,990.0,22.5,44.0
EEE,2014J,693478,M,East Anglian Region,A Level or Equivalent,80-90%,0-35,0,60,N,Pass,0.0,57.2,384.0,13.24,29.0
EEE,2014J,693640,M,Scotland,A Level or Equivalent,40-50%,0-35,0,30,N,Pass,0.0,70.6,1873.0,20.58,91.0
EEE,2014J,693910,M,London Region,A Level or Equivalent,10-20%,0-35,0,90,N,Pass,2.0,60.8,1058.0,15.79,67.0
EEE,2014J,693959,M,South West Region,A Level or Equivalent,60-70%,35-55,0,60,N,Pass,1.0,70.2,1477.0,15.55,95.0
EEE,2014J,694132,M,North Western Region,HE Qualification,60-70%,35-55,0,60,N,Pass,0.0,67.4,1564.0,19.55,80.0
EEE,2014J,694152,M,North Region,HE Qualification,nan%,0-35,0,30,N,Pass,0.0,58.4,2618.0,24.93,105.0
EEE,2014J,694218,M,East Midlands Region,A Level or Equivalent,40-50%,0-35,0,90,N,Pass,0.0,65.8,2694.0,17.38,155.0
EEE,2014J,694246,M,East Midlands Region,A Level or Equivalent,70-80%,0-35,0,60,N,Pass,0.0,74.0,2106.0,14.94,141.0
EEE,2014J,694304,M,East Midlands Region,Lower Than A Level,0-10%,0-35,0,60,N,Withdrawn,0.0,36.6,673.0,23.21,29.0
EEE,2014J,694361,M,Scotland,A Level or Equivalent,60-70%,0-35,0,90,N,Pass,0.0,67.8,1075.0,14.73,73.0
EEE,2014J,694457,F,Scotland,A Level or Equivalent,20-30%,0-35,0,30,N,Fail,1.0,58.4,635.0,20.48,31.0
EEE,2014J,694548,M,North Region,A Level or Equivalent,10-20%,0-35,0,90,N,Withdrawn,1.0,0.0,117.0,19.5,6.0
EEE,2014J,694571,M,Ireland,A Level or Equivalent,50-60%,0-35,0,90,N,Pass,0.0,68.2,3646.0,29.17,125.0
EEE,2014J,694579,M,West Midlands Region,A Level or Equivalent,90-100%,0-35,0,120,N,Pass,0.0,70.2,2534.0,21.47,118.0
EEE,2014J,694589,M,Scotland,HE Qualification,60-70%,0-35,0,30,N,Pass,0.0,61.8,962.0,20.47,47.0
EEE,2014J,694680,M,South Region,HE Qualification,20-30%,35-55,0,60,N,Pass,3.0,53.6,1462.0,21.82,67.0
EEE,2014J,694684,M,North Region,HE Qualification,80-90%,0-35,0,30,N,Fail,1.0,13.2,986.0,51.89,19.0
EEE,2014J,694735,F,Wales,HE Qualification,60-70%,0-35,0,120,N,Withdrawn,0.0,35.0,671.0,20.97,32.0
EEE,2014J,694779,M,South Region,A Level or Equivalent,70-80%,0-35,0,60,N,Pass,0.0,61.8,1413.0,15.7,90.0
EEE,2014J,694854,M,Scotland,A Level or Equivalent,40-50%,0-35,0,60,N,Pass,0.0,63.4,1386.0,19.8,70.0
EEE,2014J,695094,M,South Region,A Level or Equivalent,90-100%,0-35,0,60,N,Withdrawn,0.0,16.6,833.0,21.92,38.0
EEE,2014J,695122,M,East Anglian Region,A Level or Equivalent,20-30%,0-35,0,90,N,Distinction,0.0,70.8,1225.0,20.42,60.0
EEE,2014J,695435,M,East Midlands Region,A Level or Equivalent,50-60%,35-55,0,30,N,Pass,2.0,73.2,3678.0,40.87,90.0
EEE,2014J,695638,M,Scotland,A Level or Equivalent,50-60%,0-35,0,30,N,Fail,1.0,55.2,259.0,23.55,11.0
EEE,2014J,695644,M,Ireland,HE Qualification,nan%,35-55,0,60,N,Distinction,0.0,70.8,3144.0,22.95,137.0
EEE,2014J,695653,M,South East Region,A Level or Equivalent,20-30%,0-35,0,60,N,Pass,1.0,59.2,763.0,21.19,36.0
EEE,2014J,695668,M,Scotland,HE Qualification,90-100%,0-35,0,60,N,Distinction,0.0,72.0,1750.0,14.96,117.0
EEE,2014J,695855,M,Yorkshire Region,Lower Than A Level,50-60%,0-35,0,30,N,Pass,1.0,70.8,1257.0,25.14,50.0
EEE,2014J,695919,M,Scotland,A Level or Equivalent,60-70%,0-35,0,30,N,Pass,0.0,62.2,850.0,25.76,33.0
EEE,2014J,695932,M,Ireland,Lower Than A Level,30-40%,0-35,0,30,N,Fail,0.0,46.0,1150.0,28.75,40.0
EEE,2014J,695944,M,Scotland,A Level or Equivalent,90-100%,0-35,0,30,N,Pass,0.0,59.2,680.0,19.43,35.0
EEE,2014J,696044,M,South East Region,A Level or Equivalent,70-80%,35-55,0,60,N,Fail,0.0,34.8,341.0,11.0,31.0
EEE,2014J,696128,F,East Midlands Region,A Level or Equivalent,60-70%,0-35,0,60,N,Pass,1.0,57.2,1211.0,18.07,67.0
EEE,2014J,696192,M,East Midlands Region,A Level or Equivalent,30-40%,0-35,0,30,N,Pass,0.0,65.4,1242.0,19.71,63.0
EEE,2014J,696325,M,Ireland,A Level or Equivalent,50-60%,35-55,0,60,N,Fail,0.0,36.6,896.0,16.59,54.0
EEE,2014J,696361,M,Wales,HE Qualification,50-60%,35-55,0,30,N,Pass,0.0,74.4,1892.0,23.95,79.0
EEE,2014J,696485,M,Scotland,Lower Than A Level,10-20%,0-35,0,60,N,Pass,1.0,45.6,542.0,20.85,26.0
EEE,2014J,696577,M,Wales,HE Qualification,60-70%,0-35,0,60,N,Pass,0.0,66.4,915.0,17.26,53.0
EEE,2014J,696930,M,London Region,A Level or Equivalent,30-40%,0-35,0,120,N,Withdrawn,1.0,9.8,152.0,25.33,6.0
EEE,2014J,697041,M,Scotland,A Level or Equivalent,10-20%,0-35,0,60,N,Pass,0.0,76.0,1653.0,26.24,63.0
EEE,2014J,697113,M,West Midlands Region,Lower Than A Level,0-10%,35-55,0,60,N,Fail,0.0,60.6,1742.0,20.99,83.0
EEE,2014J,697253,M,Scotland,HE Qualification,30-40%,0-35,0,60,N,Pass,2.0,58.6,1311.0,16.39,80.0
EEE,2014J,697460,M,Scotland,HE Qualification,60-70%,0-35,0,60,N,Fail,0.0,15.0,406.0,16.92,24.0
EEE,2014J,697461,M,North Western Region,HE Qualification,10-20%,35-55,0,30,N,Distinction,1.0,74.6,6964.0,28.42,245.0
EEE,2014J,697482,M,South East Region,A Level or Equivalent,20-30%,0-35,0,60,N,Fail,0.0,31.6,492.0,23.43,21.0
EEE,2014J,697658,M,West Midlands Region,A Level or Equivalent,30-40%,35-55,0,90,N,Distinction,0.0,75.2,4005.0,21.65,185.0
EEE,2014J,697781,M,Scotland,HE Qualification,20-30%,0-35,0,30,N,Pass,1.0,63.8,724.0,14.2,51.0
EEE,2014J,698011,F,West Midlands Region,HE Qualification,10-20%,0-35,0,120,N,Pass,0.0,69.2,2596.0,25.96,100.0
EEE,2014J,698024,M,Scotland,A Level or Equivalent,50-60%,0-35,0,120,Y,Fail,0.0,10.2,181.0,10.65,17.0
EEE,2014J,698092,M,London Region,A Level or Equivalent,20-30%,0-35,0,60,N,Fail,1.0,17.6,420.0,12.35,34.0
EEE,2014J,698300,M,Ireland,A Level or Equivalent,10-20%,0-35,0,60,N,Pass,0.0,67.8,2529.0,20.56,123.0
EEE,2014J,698355,M,North Region,Lower Than A Level,nan%,0-35,0,120,N,Distinction,0.0,72.6,2506.0,19.89,126.0
EEE,2014J,698413,M,Scotland,HE Qualification,40-50%,35-55,0,60,N,Pass,0.0,72.2,1273.0,14.47,88.0
EEE,2014J,698417,M,Scotland,HE Qualification,90-100%,35-55,0,60,N,Pass,3.0,57.4,2946.0,31.68,93.0
EEE,2014J,698598,F,Scotland,HE Qualification,0-10%,0-35,0,120,N,Withdrawn,0.0,47.0,407.0,11.31,36.0
EEE,2014J,699134,M,North Region,HE Qualification,nan%,0-35,0,60,N,Distinction,0.0,75.4,5305.0,25.5,208.0
EEE,2014J,699135,M,North Region,HE Qualification,nan%,0-35,0,60,N,Fail,0.0,51.0,2951.0,33.92,87.0
EEE,2014J,699136,M,North Region,HE Qualification,nan%,35-55,0,60,N,Fail,0.0,35.6,529.0,15.11,35.0
EEE,2014J,699142,M,North Region,HE Qualification,nan%,35-55,0,30,N,Fail,0.0,33.0,641.0,12.09,53.0
EEE,2014J,699170,M,Scotland,A Level or Equivalent,70-80%,0-35,0,30,N,Fail,0.0,61.2,616.0,16.21,38.0
EEE,2014J,699440,M,Ireland,A Level or Equivalent,nan%,0-35,0,60,N,Distinction,0.0,74.6,2922.0,20.43,143.0
EEE,2014J,1334225,F,South Region,Lower Than A Level,50-60%,55<=,0,30,N,Distinction,0.0,71.2,4458.0,30.12,148.0
EEE,2014J,1354095,F,South Region,A Level or Equivalent,60-70%,35-55,0,30,N,Pass,0.0,63.6,4393.0,25.84,170.0
EEE,2014J,1429504,M,Scotland,A Level or Equivalent,90-100%,35-55,0,60,N,Pass,0.0,68.6,2389.0,24.38,98.0
EEE,2014J,1483814,F,East Anglian Region,A Level or Equivalent,30-40%,35-55,0,240,Y,Distinction,1.0,72.6,2230.0,30.14,74.0
EEE,2014J,1490624,M,East Anglian Region,HE Qualification,60-70%,35-55,0,60,N,Distinction,0.0,72.4,1849.0,26.04,71.0
EEE,2014J,1497822,M,North Western Region,Lower Than A Level,70-80%,35-55,0,60,N,Pass,0.0,74.0,1667.0,13.02,128.0
EEE,2014J,1664171,M,North Western Region,Lower Than A Level,50-60%,35-55,1,45,Y,Fail,0.0,18.4,31.0,7.75,4.0
EEE,2014J,1674799,M,South Region,HE Qualification,70-80%,55<=,0,60,N,Distinction,1.0,77.8,2856.0,24.2,118.0
EEE,2014J,1679610,M,South Region,HE Qualification,70-80%,35-55,0,60,N,Distinction,1.0,69.8,5235.0,29.58,177.0
EEE,2014J,1797068,M,South Region,Lower Than A Level,60-70%,35-55,0,60,N,Pass,0.0,68.0,3685.0,17.72,208.0
EEE,2014J,1841850,F,East Anglian Region,Lower Than A Level,10-20%,35-55,0,90,N,Withdrawn,1.0,29.8,568.0,8.74,65.0
EEE,2014J,1878648,M,Scotland,HE Qualification,30-40%,35-55,0,150,N,Pass,0.0,74.0,2383.0,17.65,135.0
EEE,2014J,1895288,M,Scotland,A Level or Equivalent,80-90%,35-55,0,60,N,Distinction,0.0,74.6,1988.0,16.3,122.0
EEE,2014J,1910737,M,North Region,Lower Than A Level,nan%,35-55,0,30,N,Pass,1.0,52.2,1551.0,25.43,61.0
EEE,2014J,1943214,F,East Anglian Region,Lower Than A Level,40-50%,35-55,0,60,N,Withdrawn,2.0,25.2,658.0,14.0,47.0
EEE,2014J,2004220,M,South Region,A Level or Equivalent,60-70%,35-55,0,30,N,Pass,3.0,37.4,505.0,12.02,42.0
EEE,2014J,2024200,M,Scotland,HE Qualification,70-80%,35-55,0,30,N,Fail,0.0,38.8,1112.0,25.27,44.0
EEE,2014J,2050998,M,North Region,A Level or Equivalent,60-70%,35-55,0,60,N,Withdrawn,1.0,29.2,604.0,20.13,30.0
EEE,2014J,2065756,M,South West Region,Lower Than A Level,50-60%,0-35,0,150,N,Pass,1.0,68.8,4169.0,24.67,169.0
EEE,2014J,2067969,M,Scotland,HE Qualification,70-80%,35-55,0,60,N,Pass,0.0,64.0,1299.0,22.79,57.0
EEE,2014J,2072671,M,South Region,HE Qualification,90-100%,35-55,0,60,Y,Fail,2.0,44.2,205.0,12.06,17.0
EEE,2014J,2080916,M,Scotland,HE Qualification,nan%,35-55,1,30,N,Withdrawn,0.0,19.0,338.0,16.9,20.0
EEE,2014J,2137785,M,North Western Region,HE Qualification,80-90%,35-55,0,30,N,Pass,0.0,34.6,531.0,15.62,34.0
EEE,2014J,2151019,M,South West Region,Lower Than A Level,30-40%,35-55,0,60,N,Fail,0.0,39.2,782.0,24.44,32.0
EEE,2014J,2173643,M,South East Region,Lower Than A Level,60-70%,35-55,0,60,N,Pass,0.0,73.8,2015.0,18.15,111.0
EEE,2014J,2192061,M,East Midlands Region,HE Qualification,80-90%,35-55,0,30,N,Distinction,0.0,76.2,2478.0,21.18,117.0
EEE,2014J,2204389,F,West Midlands Region,HE Qualification,90-100%,35-55,0,30,N,Pass,1.0,77.0,2611.0,20.72,126.0
EEE,2014J,2211797,M,Scotland,A Level or Equivalent,80-90%,0-35,0,140,N,Pass,0.0,71.6,2256.0,13.27,170.0
EEE,2014J,2221654,M,East Midlands Region,A Level or Equivalent,80-90%,0-35,0,60,N,Pass,1.0,73.2,821.0,14.4,57.0
EEE,2014J,2229389,M,North Region,Lower Than A Level,30-40%,0-35,0,90,Y,Pass,2.0,68.2,1752.0,17.88,98.0
EEE,2014J,2230251,M,North Western Region,Lower Than A Level,0-10%,35-55,0,60,N,Pass,0.0,33.6,801.0,15.4,52.0
EEE,2014J,2257400,F,Scotland,Lower Than A Level,70-80%,0-35,0,60,N,Pass,0.0,68.0,1667.0,23.48,71.0
EEE,2014J,2258124,M,South Region,A Level or Equivalent,60-70%,0-35,0,30,N,Distinction,1.0,70.8,1079.0,22.96,47.0
EEE,2014J,2259662,M,North Region,Lower Than A Level,40-50%,0-35,0,60,N,Pass,0.0,70.8,1189.0,16.51,72.0
EEE,2014J,2281441,M,Scotland,Post Graduate Qualification,90-100%,35-55,0,115,N,Pass,0.0,72.4,4655.0,29.84,156.0
EEE,2014J,2286544,M,South West Region,A Level or Equivalent,30-40%,0-35,0,30,N,Pass,0.0,73.2,1979.0,21.05,94.0
EEE,2014J,2289071,M,Scotland,A Level or Equivalent,80-90%,0-35,0,30,N,Pass,0.0,67.0,1004.0,17.02,59.0
EEE,2014J,2290886,M,Scotland,HE Qualification,50-60%,0-35,0,60,N,Pass,1.0,68.0,2244.0,31.61,71.0
EEE,2014J,2297016,M,Yorkshire Region,HE Qualification,50-60%,35-55,0,120,N,Pass,0.0,75.6,2504.0,22.36,112.0
EEE,2014J,2338535,M,Scotland,HE Qualification,30-40%,35-55,0,60,N,Fail,0.0,41.0,368.0,10.82,34.0
EEE,2014J,2340230,F,Scotland,HE Qualification,0-10%,0-35,0,120,N,Withdrawn,0.0,30.4,1189.0,20.86,57.0
EEE,2014J,2352407,F,Wales,A Level or Equivalent,40-50%,35-55,0,90,N,Pass,0.0,54.6,2453.0,26.66,92.0
EEE,2014J,2355274,M,London Region,A Level or Equivalent,40-50%,0-35,0,30,N,Pass,1.0,56.4,2184.0,29.92,73.0
EEE,2014J,2410632,M,London Region,No Formal quals,10-20%,35-55,0,90,N,Fail,1.0,33.0,684.0,19.54,35.0
EEE,2014J,2427886,M,Wales,Lower Than A Level,30-40%,0-35,0,60,N,Fail,1.0,61.2,1795.0,17.6,102.0
EEE,2014J,2436584,M,South East Region,A Level or Equivalent,50-60%,35-55,0,30,N,Fail,0.0,17.0,342.0,28.5,12.0
EEE,2014J,2437591,M,East Anglian Region,Lower Than A Level,30-40%,0-35,0,90,N,Distinction,0.0,72.2,7053.0,41.25,171.0
EEE,2014J,2442423,M,East Midlands Region,HE Qualification,40-50%,0-35,0,90,N,Pass,2.0,50.6,478.0,19.12,25.0
EEE,2014J,2453691,M,Ireland,Lower Than A Level,50-60%,0-35,0,60,N,Distinction,1.0,73.0,2212.0,16.89,131.0
EEE,2014J,2464118,M,South East Region,Lower Than A Level,20-30%,0-35,0,60,N,Pass,3.0,69.0,705.0,26.11,27.0
EEE,2014J,2484189,M,Scotland,Lower Than A Level,60-70%,0-35,0,60,N,Withdrawn,1.0,11.8,154.0,15.4,10.0
EEE,2014J,2498614,M,North Western Region,HE Qualification,40-50%,35-55,0,30,N,Withdrawn,0.0,16.8,781.0,20.55,38.0
EEE,2014J,2533383,M,South Region,HE Qualification,60-70%,35-55,0,30,N,Pass,0.0,71.0,1438.0,25.23,57.0
EEE,2014J,2535666,M,West Midlands Region,Lower Than A Level,50-60%,35-55,0,60,N,Pass,2.0,64.4,7000.0,34.15,205.0
EEE,2014J,2538792,M,South Region,A Level or Equivalent,50-60%,0-35,0,60,Y,Pass,1.0,54.4,691.0,15.02,46.0
EEE,2014J,2542182,M,South West Region,A Level or Equivalent,20-30%,0-35,0,60,N,Pass,0.0,72.0,1233.0,16.01,77.0
EEE,2014J,2550960,F,Wales,A Level or Equivalent,90-100%,35-55,0,30,N,Pass,1.0,60.8,1550.0,25.41,61.0
EEE,2014J,2579558,M,Ireland,A Level or Equivalent,40-50%,0-35,0,60,N,Withdrawn,0.0,10.8,289.0,16.06,18.0
EEE,2014J,2592973,M,South West Region,Lower Than A Level,70-80%,0-35,0,30,N,Pass,1.0,70.0,5352.0,36.41,147.0
EEE,2014J,2599179,M,West Midlands Region,A Level or Equivalent,60-70%,0-35,0,90,N,Pass,0.0,73.8,1915.0,14.51,132.0
EEE,2014J,2622627,M,Scotland,HE Qualification,30-40%,0-35,0,180,Y,Pass,2.0,72.4,779.0,22.26,35.0
EEE,2014J,2626779,M,Scotland,Post Graduate Qualification,90-100%,0-35,0,60,N,Pass,1.0,71.8,2598.0,37.65,69.0
EEE,2014J,2627992,M,South Region,A Level or Equivalent,60-70%,35-55,0,60,N,Pass,0.0,74.6,6112.0,27.41,223.0
EEE,2014J,2637000,M,Wales,A Level or Equivalent,80-90%,0-35,0,120,N,Fail,1.0,35.6,712.0,13.96,51.0
EEE,2014J,2639115,M,South Region,Lower Than A Level,70-80%,0-35,0,60,N,Pass,2.0,66.6,3552.0,22.34,159.0
EEE,2014J,2644404,M,Scotland,Post Graduate Qualification,50-60%,0-35,0,30,N,Pass,0.0,63.0,575.0,14.38,40.0
EEE,2014J,2654928,M,South Region,Lower Than A Level,90-100%,0-35,0,60,N,Pass,0.0,67.6,1785.0,19.19,93.0
EEE,2014J,2663195,M,East Anglian Region,Lower Than A Level,90-100%,0-35,0,30,N,Pass,0.0,67.8,1112.0,19.17,58.0
EEE,2014J,2681277,M,London Region,HE Qualification,30-40%,35-55,1,205,N,Withdrawn,0.0,19.0,166.0,27.67,6.0
EEE,2014J,2686053,M,South West Region,A Level or Equivalent,40-50%,35-55,0,30,N,Distinction,0.0,69.6,2336.0,13.2,177.0
EEE,2014J,2686712,M,West Midlands Region,A Level or Equivalent,60-70%,35-55,1,60,N,Fail,0.0,38.8,1205.0,12.55,96.0
